dataset,target,status,elapsed_seconds,procs,sample_size
SWaT,AIT201,completed,740.6504392623901,1,12000
SWaT,AIT202,completed,738.5752141475677,1,12000
SWaT,AIT203,completed,694.5753366947174,1,12000
SWaT,AIT401,completed,706.9843072891235,1,12000
SWaT,AIT402,completed,704.3088698387146,1,12000
SWaT,AIT501,completed,708.3385643959045,1,12000
SWaT,AIT502,completed,708.2037155628204,1,12000
SWaT,AIT503,completed,718.6303973197937,1,12000
SWaT,AIT504,completed,703.6234650611877,1,12000
SWaT,DPIT301,completed,712.4701364040375,1,12000
SWaT,FIT101,completed,731.0317254066467,1,12000
SWaT,FIT201,completed,712.912923336029,1,12000
SWaT,FIT301,completed,711.3714005947113,1,12000
SWaT,FIT401,completed,691.2049221992493,1,12000
SWaT,FIT501,completed,701.3179898262024,1,12000
SWaT,FIT502,completed,702.4337422847748,1,12000
SWaT,FIT503,completed,713.4006624221802,1,12000
SWaT,FIT504,completed,696.1782033443451,1,12000
SWaT,FIT601,completed,265.33424186706543,1,12000
SWaT,LIT101,completed,722.0229756832123,1,12000
SWaT,LIT301,completed,688.2667036056519,1,12000
SWaT,LIT401,completed,690.3493149280548,1,12000
SWaT,PIT501,completed,706.3056728839874,1,12000
SWaT,PIT502,completed,713.2953984737396,1,12000
SWaT,PIT503,completed,704.7901496887207,1,12000
WADI,1_AIT_001_PV,completed,1308.8233880996704,1,20000
WADI,1_AIT_002_PV,completed,1307.5229940414429,1,20000
WADI,1_AIT_003_PV,completed,1293.9251878261566,1,20000
WADI,1_AIT_004_PV,completed,1317.1994111537933,1,20000
WADI,1_AIT_005_PV,completed,1207.107956647873,1,20000
WADI,1_FIT_001_PV,completed,1144.151691198349,1,20000
WADI,1_LS_001_AL,completed,1050.9235184192657,1,20000
WADI,1_LS_002_AL,completed,1137.9872918128967,1,20000
WADI,1_LT_001_PV,completed,1145.3128213882446,1,20000
WADI,2A_AIT_001_PV,completed,147.76611614227295,1,20000
WADI,2A_AIT_002_PV,completed,154.61949610710144,1,20000
WADI,2A_AIT_003_PV,completed,151.71931099891663,1,20000
WADI,2A_AIT_004_PV,completed,152.36196780204773,1,20000
WADI,2B_AIT_001_PV,completed,136.30449438095093,1,20000
WADI,2B_AIT_002_PV,completed,152.80516076087952,1,20000
WADI,2B_AIT_003_PV,completed,143.70769667625427,1,20000
WADI,2B_AIT_004_PV,completed,152.35174179077148,1,20000
WADI,2_DPIT_001_PV,completed,1150.3321688175201,1,20000
WADI,2_FIC_101_CO,completed,1242.1719195842743,1,20000
WADI,2_FIC_101_PV,completed,1238.0650594234467,1,20000
WADI,2_FIC_101_SP,completed,1112.663227558136,1,20000
WADI,2_FIC_201_CO,completed,1269.868145942688,1,20000
WADI,2_FIC_201_PV,completed,1223.628190279007,1,20000
WADI,2_FIC_201_SP,completed,1236.1797311306,1,20000
WADI,2_FIC_301_CO,completed,1231.056660413742,1,20000
WADI,2_FIC_301_PV,completed,1128.8421552181244,1,20000
WADI,2_FIC_301_SP,completed,1121.610279560089,1,20000
WADI,2_FIC_401_CO,completed,1145.5032563209534,1,20000
WADI,2_FIC_401_PV,completed,1135.2618713378906,1,20000
WADI,2_FIC_401_SP,completed,1182.7781307697296,1,20000
WADI,2_FIC_501_CO,completed,1244.1075868606567,1,20000
WADI,2_FIC_501_PV,completed,1152.6229975223541,1,20000
WADI,2_FIC_501_SP,completed,1130.887883901596,1,20000
WADI,2_FIC_601_CO,completed,1123.3588542938232,1,20000
WADI,2_FIC_601_PV,completed,1143.106885433197,1,20000
WADI,2_FIC_601_SP,completed,1231.0930063724518,1,20000
WADI,2_FIT_001_PV,completed,1112.641793012619,1,20000
WADI,2_FIT_002_PV,completed,1139.977634191513,1,20000
WADI,2_FIT_003_PV,completed,1220.2823557853699,1,20000
WADI,2_FQ_101_PV,completed,1279.4174556732178,1,20000
WADI,2_FQ_201_PV,completed,1138.6672670841217,1,20000
WADI,2_FQ_301_PV,completed,1140.711056470871,1,20000
WADI,2_FQ_401_PV,completed,1192.5417175292969,1,20000
WADI,2_FQ_501_PV,completed,1274.1261615753174,1,20000
WADI,2_FQ_601_PV,completed,151.23696637153625,1,20000
WADI,2_LS_101_AH,completed,146.6588294506073,1,20000
WADI,2_LS_101_AL,completed,151.40575432777405,1,20000
WADI,2_LS_201_AH,completed,152.33349752426147,1,20000
WADI,2_LS_201_AL,completed,158.27738285064697,1,20000
WADI,2_LS_301_AH,completed,157.02333068847656,1,20000
WADI,2_LS_301_AL,completed,149.67944502830505,1,20000
WADI,2_LS_401_AH,completed,153.50925397872925,1,20000
WADI,2_LS_401_AL,completed,148.3363184928894,1,20000
WADI,2_LS_501_AH,completed,154.70943403244019,1,20000
WADI,2_LS_501_AL,completed,155.80125308036804,1,20000
WADI,2_LS_601_AH,completed,155.01377820968628,1,20000
WADI,2_LS_601_AL,completed,155.78222584724426,1,20000
WADI,2_LT_001_PV,completed,154.94342374801636,1,20000
WADI,2_LT_002_PV,completed,154.4381227493286,1,20000
WADI,2_MCV_007_CO,completed,151.66190600395203,1,20000
WADI,2_MCV_101_CO,completed,153.4645767211914,1,20000
WADI,2_MCV_201_CO,completed,154.14980292320251,1,20000
WADI,2_MCV_301_CO,completed,147.8822214603424,1,20000
WADI,2_MCV_401_CO,completed,150.43240761756897,1,20000
WADI,2_MCV_501_CO,completed,158.5197458267212,1,20000
WADI,2_MCV_601_CO,completed,155.67110300064087,1,20000
WADI,2_PIC_003_CO,completed,149.19260954856873,1,20000
WADI,2_PIC_003_PV,completed,149.8722596168518,1,20000
WADI,2_PIC_003_SP,completed,147.55590915679932,1,20000
WADI,2_PIT_001_PV,completed,152.31393122673035,1,20000
WADI,2_PIT_002_PV,completed,156.36586451530457,1,20000
WADI,2_PIT_003_PV,completed,152.89326214790344,1,20000
WADI,2_P_003_SPEED,completed,150.91409349441528,1,20000
WADI,2_P_004_SPEED,completed,148.06358408927917,1,20000
WADI,3_AIT_001_PV,completed,141.30997467041016,1,20000
WADI,3_AIT_002_PV,completed,146.39717054367065,1,20000
WADI,3_AIT_003_PV,completed,146.99382209777832,1,20000
WADI,3_AIT_004_PV,completed,144.68910932540894,1,20000
WADI,3_AIT_005_PV,completed,137.81458616256714,1,20000
WADI,3_FIT_001_PV,completed,148.73319101333618,1,20000
WADI,3_LS_001_AL,completed,137.54055643081665,1,20000
WADI,3_LT_001_PV,completed,142.49943828582764,1,20000
WADI,LEAK_DIFF_PRESSURE,completed,139.65579271316528,1,20000
WADI,PLANT_START_STOP_LOG,completed,126.22621583938599,1,20000
WADI,TOTAL_CONS_REQUIRED_FLOW,completed,117.73485207557678,1,20000
BATADAL,F_PU10,completed,76.73912382125854,1,all
BATADAL,F_PU11,completed,75.36838984489441,1,all
BATADAL,F_PU1,completed,76.67906284332275,1,all
BATADAL,F_PU2,completed,73.57240581512451,1,all
BATADAL,F_PU3,completed,69.79445791244507,1,all
BATADAL,F_PU4,completed,75.93934297561646,1,all
BATADAL,F_PU5,completed,72.0157995223999,1,all
BATADAL,F_PU6,completed,76.24341773986816,1,all
BATADAL,F_PU7,completed,77.77692914009094,1,all
BATADAL,F_PU8,completed,78.7542793750763,1,all
BATADAL,F_PU9,completed,72.5991690158844,1,all
BATADAL,F_V2,completed,77.96337962150574,1,all
BATADAL,L_T1,completed,91.01487183570862,1,all
BATADAL,L_T2,completed,89.1457576751709,1,all
BATADAL,L_T3,completed,87.56121039390564,1,all
BATADAL,L_T4,completed,88.96000909805298,1,all
BATADAL,L_T5,completed,72.47447419166565,1,all
BATADAL,L_T6,completed,75.01583886146545,1,all
BATADAL,L_T7,completed,73.34601831436157,1,all
BATADAL,P_J14,completed,67.2507004737854,1,all
BATADAL,P_J256,completed,80.66534781455994,1,all
BATADAL,P_J269,completed,79.6777765750885,1,all
BATADAL,P_J280,completed,76.42780375480652,1,all
BATADAL,P_J289,completed,80.89330697059631,1,all
BATADAL,P_J300,completed,78.57703757286072,1,all
BATADAL,P_J302,completed,77.09625625610352,1,all
BATADAL,P_J306,completed,78.84278631210327,1,all
BATADAL,P_J307,completed,79.56088924407959,1,all
BATADAL,P_J317,completed,67.36575245857239,1,all
BATADAL,P_J415,completed,77.96157622337341,1,all
BATADAL,P_J422,completed,64.936119556427,1,all
