sensor,target_source,geco_reference_available,geco_variables,simplest_nonconstant_equation,score_selected_equation,lowest_loss_equation,best_local_physical_equation,best_local_features,best_local_holdout_r2,score_selected_holdout_r2,lowest_loss_holdout_r2,OLS_local_holdout_r2,Ridge_local_holdout_r2,notes
FIT101,actual_next,True,"FIT101, LIT101, MV101, LIT401",FIT101,(MV101 * ((MV101 * 2.1472776) - 3.9009604)) + 1.7556244,((FIT101 / 0.65402454) * ((FIT101 / -5.4083548) + 0.5443133)) + ((((MV101 * 2.2099319) - 4.3848996) * (MV101 + (FIT101 * (PIT502 * 0.10203316)))) + 2.175938),(FIT101 * (((FIT101 / -5.3998084) + 0.5232081) / 0.67895335)) + ((((FIT101 * 0.09865963) + MV101) * ((MV101 * 2.241143) - 4.3972974)) + 2.157097),"FIT101, MV101",0.9964411925718624,0.9939732884159656,0.9967643800171452,0.9778857996196773,0.9778787688760148,score=local; lowest=partially_local off=['PIT502']; PySR input was unconstrained over all selected/current features
FIT101,actual_delta,True,"FIT101, LIT101, MV101, LIT401",FIT101 * -0.0040042163,((FIT101 + -1.6128936) * (MV101 + (-0.43293434 - FIT101))) + 0.9112,(((P502 / P203) + ((FIT201 + -1.6785208) / ((FIT101 + 0.39252347) * PIT502))) * (((MV101 - FIT101) * (FIT101 + -0.89693755)) + 0.89721435)) * 1.0628624,((FIT101 + -1.6128936) * (MV101 + (-0.43293434 - FIT101))) + 0.9112,"FIT101, MV101",0.6298376375162578,0.6298376375162578,0.7763306721986447,0.1721304899767857,0.1712996440871486,"score=local; lowest=partially_local off=['FIT201', 'P203', 'P502', 'PIT502']; PySR input was unconstrained over all selected/current features"
FIT101,mlp_next,True,"FIT101, LIT101, MV101, LIT401",FIT101,(MV101 + 1.2239339) - (MV101 / (FIT101 + 0.46254376)),((MV101 + (0.16063842 - ((P501 + (MV302 * 0.03252018)) * (MV101 / (MV101 + ((FIT101 - -0.015906489) * 0.4049374)))))) * MV101) - (FIT401 * -0.5515504),((MV101 - ((MV101 * 2.0849125) / (MV101 + ((FIT101 * 0.39377946) + 0.45582333)))) + 0.46253872) * 2.0399513,"FIT101, MV101",0.9858482999671956,0.9843407808113376,0.9859313236315296,0.9831073777309944,0.983104201228151,"score=local; lowest=partially_local off=['FIT401', 'MV302', 'P501']; PySR input was unconstrained over all selected/current features"
FIT101,mlp_delta,True,"FIT101, LIT101, MV101, LIT401",MV304 * 0.028993154,(((MV101 + -1.3854339) * MV101) + 0.451866) + (FIT101 * -0.6535332),(PIT502 * ((MV304 * 0.068433106) - (FIT301 * 0.01309493))) + (((MV101 + ((FIT101 * -0.34660807) + -1.1341095)) * (MV101 - (1.1719314 - FIT101))) * 0.60171235),(((MV101 + -1.3854339) * MV101) + 0.451866) + (FIT101 * -0.6535332),"FIT101, MV101",0.1715090562199602,0.1715090562199602,0.2956603995547839,0.0118154764532728,0.0107966567035991,"score=local; lowest=partially_local off=['FIT301', 'MV304', 'PIT502']; PySR input was unconstrained over all selected/current features"
LIT101,actual_next,True,"LIT101, FIT101, P101, FIT201",LIT101,LIT101 - (FIT201 - FIT101),((LIT101 - ((((2.7371554 - ((FIT101 * 0.5324414) + -1.7403817)) - (P101 * 1.2340932)) * (FIT201 - FIT101)) - 0.16198823)) - -0.7793797) + -0.8392666,LIT101 - ((FIT201 - FIT101) * 1.9435309),"FIT101, LIT101, FIT201",0.999812263690653,0.9996853587964816,0.9998114644962328,0.9998126197037014,0.9998126196836216,score=local; lowest=local; PySR input was unconstrained over all selected/current features
LIT101,actual_delta,True,"LIT101, FIT101, P101, FIT201",FIT101 - FIT201,FIT101 - FIT201,(FIT101 * ((2.6948063 / ((0.07346069 / (LIT301 * -2.3567133)) + FIT101)) + 0.88291705)) + (((FIT501 - -0.25970966) + ((FIT201 / -0.87817264) - P203)) - P101),(FIT101 - FIT201) / 0.51438826,"FIT101, FIT201",0.7382496087130603,0.5613095743124537,0.7375503331960819,0.7387437052383785,0.7387436798282797,"score=local; lowest=partially_local off=['FIT501', 'LIT301', 'P203']; PySR input was unconstrained over all selected/current features"
LIT101,mlp_next,True,"LIT101, FIT101, P101, FIT201",LIT101,((14.760165 / P101) + LIT101) * 0.9830366,((((AIT503 / -2.6954775) - ((((FIT301 * MV304) - MV201) * P101) * MV304)) + LIT101) * 0.9738256) + (((MV303 + P101) * -7.8480144) + 133.318),(FIT101 + LIT101) - FIT201,"FIT101, LIT101, FIT201",0.9955297482820106,0.9954348001111478,0.9960688661017658,0.9959404456260862,0.9959416066308536,"score=local; lowest=partially_local off=['AIT503', 'FIT301', 'MV201', 'MV303', 'MV304']; PySR input was unconstrained over all selected/current features"
LIT101,mlp_delta,True,"LIT101, FIT101, P101, FIT201",FIT101 - FIT201,FIT101 - FIT201,(P302 * (((((((1.83287 - (MV301 * MV304)) + MV101) / (MV303 - -0.21487574)) / PIT502) - P101) / 0.29563385) - (FIT301 * 0.76873606))) / P203,FIT101 - FIT201,"FIT101, FIT201",0.0646785264992995,0.0646785264992995,-0.080489584211397,0.1506097243575258,0.1508524954155037,"score=local; lowest=partially_local off=['FIT301', 'MV301', 'MV303', 'MV304', 'P203', 'P302', 'PIT502']; PySR input was unconstrained over all selected/current features"
AIT201,actual_next,False,,AIT201,(AIT201 + (((-0.013863628 - P202) * -0.21105632) * (0.005194333 / (((MV201 * -0.6830959) / ((LIT401 + (-0.8445628 / PIT502)) - LIT401)) + 0.004045063)))) / P202,(AIT201 + (((-0.013863628 - P202) * -0.21105632) * (0.005194333 / (((MV201 * -0.6830959) / ((LIT401 + (-0.8445628 / PIT502)) - LIT401)) + 0.004045063)))) / P202,,,,0.9361609019223468,0.9361609019223468,,,score=unknown_support; lowest=unknown_support; PySR input was unconstrained over all selected/current features
AIT201,actual_delta,False,,FIT201 * -0.0016517341,FIT201 / ((AIT203 / -0.39675868) + LIT101),(((MV101 / (MV201 - -0.01972221)) * (((FIT201 / (((AIT203 / -0.38977265) + LIT101) + 15.295308)) / (FIT201 - 0.00036843424)) - -0.005122264)) + -0.0027868266) * FIT301,,,,-0.2386070081253986,0.0432055257573102,,,score=unknown_support; lowest=unknown_support; PySR input was unconstrained over all selected/current features
AIT201,mlp_next,False,,AIT201,AIT201 + 0.17179382,(((AIT501 * ((AIT201 * 0.110926904) - 13.293919)) - (FIT601 / -2.7086504)) + 138.95766) - (((AIT201 / P602) / LIT301) * 2.6909816),,,,-2.337067357932105,-0.6251962799775181,,,score=unknown_support; lowest=unknown_support; PySR input was unconstrained over all selected/current features
AIT201,mlp_delta,False,,P602 + -0.8357498,(17.894459 / (AIT201 - PIT501)) + -0.9763414,((P602 - (((LIT301 * ((-16.187498 / PIT501) + 0.05278603)) / ((AIT201 - MV302) + ((MV201 - FIT601) - PIT501))) - -1.6278882)) * P302) - -0.012441148,,,,-0.1142110030389911,0.0357268561559099,,,score=unknown_support; lowest=unknown_support; PySR input was unconstrained over all selected/current features
AIT202,actual_next,False,,AIT202,AIT202 - (MV301 / (AIT203 + ((LIT301 - LIT101) * AIT504))),(AIT202 - (FIT401 * (MV201 / ((0.8820533 + ((AIT202 + (AIT202 + ((MV303 * AIT504) * MV303))) * (LIT301 - LIT101))) + LIT301)))) + 0.0005423652,,,,0.9874555800714128,0.9885269313185092,,,score=unknown_support; lowest=unknown_support; PySR input was unconstrained over all selected/current features
AIT202,actual_delta,False,,FIT101 * 9.327984e-5,0.00012930084 / (0.96665066 - (LIT301 / LIT101)),(((0.4720879 / P205) / (((DPIT301 + (FIT301 - PIT502)) - LIT401) + ((FIT201 * 12.256211) - ((LIT101 / -0.5356434) / P101)))) / P203) / PIT502,,,,0.2163750647134679,0.3050552123589922,,,score=unknown_support; lowest=unknown_support; PySR input was unconstrained over all selected/current features
AIT202,mlp_next,False,,AIT202,AIT202 - 0.0036979658,AIT202 + ((((-0.094697915 - (P101 * ((FIT201 * -0.00081426493) + 0.0044766623))) * AIT202) - (AIT201 * -0.0007518081)) - -0.6317663),,,,0.9159260091726008,0.8765401975382241,,,score=unknown_support; lowest=unknown_support; PySR input was unconstrained over all selected/current features
AIT202,mlp_delta,False,,-0.005908415 / P205,((-0.1833759 - (PIT503 * ((AIT202 * 0.0009687629) - 0.009026129))) * P101) + 0.017125139,(((P101 * (-0.09860698 - (PIT503 * ((AIT202 * 0.0005053578) - 0.0047400114)))) / PIT502) * UV401) + (0.010615833 / ((P101 * P602) * (P602 * P602))),,,,-0.4667623920763379,0.1430252625332215,,,score=unknown_support; lowest=unknown_support; PySR input was unconstrained over all selected/current features
AIT203,actual_next,False,,AIT203,AIT203 + ((P101 - P205) / 0.21247931),((MV201 - P205) * (FIT201 - ((MV201 * -2.9364839) + ((0.5359638 / (FIT201 + -1.5941137)) / ((FIT201 + FIT201) + -1.1198646))))) + AIT203,,,,0.9909266327305004,0.9896758811993848,,,score=unknown_support; lowest=unknown_support; PySR input was unconstrained over all selected/current features
AIT203,actual_delta,False,,MV201 - P203,(P101 - P205) / 0.21240316,(((FIT201 + (P101 + 0.55897176)) * P101) - P302) * (((((-0.090735435 / (4.0049767 - (P203 + FIT201))) + MV201) - 0.20882168) - P203) * P101),,,,0.2185677887556909,-4.821931403180548,,,score=unknown_support; lowest=unknown_support; PySR input was unconstrained over all selected/current features
AIT203,mlp_next,False,,AIT203,(((P101 - FIT601) * 4.162714) + (AIT203 * 0.66660416)) + 102.21126,(MV301 / PIT502) + ((((((P101 * 12.097563) + (AIT203 + ((P205 + -2.3504314) / DPIT301))) + 309.3741) * 3.9203386) - FIT101) / AIT501),,,,0.8596540174264876,0.8361403471489577,,,score=unknown_support; lowest=unknown_support; PySR input was unconstrained over all selected/current features
AIT203,mlp_delta,False,,-0.15681536 / DPIT301,(FIT101 * (0.9200177 - MV301)) / (P602 - 1.3698312),((((MV301 - (1.1251367 / PIT502)) * (MV301 + -1.0947291)) * (-3.0573575 - (((DPIT301 * MV301) / -2.6343544) - FIT201))) + 0.044697143) * (FIT101 * 3.9853556),,,,-0.0359888704070545,-0.1395089387624641,,,score=unknown_support; lowest=unknown_support; PySR input was unconstrained over all selected/current features
FIT201,actual_next,True,"FIT201, P101, MV201, P203",FIT201,(P101 - 0.997126) * 2.4307027,((P403 + (P101 - UV401)) / 0.4104422) + (PIT502 * (((FIT301 * (PIT502 / 0.62952256)) / ((FIT401 + (MV201 * AIT501)) - 1.6989287)) / PIT503)),(P101 - 0.997126) * 2.4307027,P101,0.9978880212453286,0.9978880212453286,0.9946887431565886,0.997971036257349,0.9979735745440996,"score=local; lowest=partially_local off=['AIT501', 'FIT301', 'FIT401', 'MV201', 'P403', 'PIT502', 'PIT503', 'UV401']; PySR input was unconstrained over all selected/current features"
FIT201,actual_delta,True,"FIT201, P101, MV201, P203",P101 - P205,(((FIT201 * 0.41127345) + 0.997368) - P101) * -2.3390653,((P404 + (((((FIT101 * -0.4952287) - -2.435322) / (-0.053931754 + AIT504)) * ((MV201 - P101) * FIT301)) + (FIT201 * 0.41019365))) - P101) * -2.3446872,(((FIT201 * 0.41127345) + 0.997368) - P101) * -2.3390653,"P101, FIT201",0.8962067380255372,0.8962067380255372,0.8865504831622186,0.8975193308758063,0.8974239720291737,"score=local; lowest=partially_local off=['AIT504', 'FIT101', 'FIT301', 'MV201', 'P404']; PySR input was unconstrained over all selected/current features"
FIT201,mlp_next,True,"FIT201, P101, MV201, P203",FIT201,(P101 * 2.4478786) - 2.464675,((P101 - 2.6276999) - (((FIT501 * ((P203 - -0.29899207) * -46.01163)) + FIT101) / AIT402)) - ((FIT301 * -0.027090387) - (P101 * 0.9278298)),(P101 * 2.4478786) - 2.464675,P101,0.9958820949203452,0.9958820949203452,0.997817868528815,0.996732529661702,0.9966685838171828,"score=local; lowest=partially_local off=['AIT402', 'FIT101', 'FIT301', 'FIT501', 'P203']; PySR input was unconstrained over all selected/current features"
FIT201,mlp_delta,True,"FIT201, P101, MV201, P203",P101 - P205,((P101 - P205) * 1.9689939) - ((UV401 - P205) * FIT201),((P101 - P205) - (((P302 - 1.5954008) * (((MV201 - P205) * (FIT201 - -0.301488)) - 0.0505243)) - (MV201 * -0.011244655))) * (MV302 + 0.36416355),,,,0.8089096437021148,0.8491739058218487,0.8170720758462469,0.8125875828524163,"score=partially_local off=['P205', 'UV401']; lowest=partially_local off=['MV201', 'MV302', 'P205', 'P302']; PySR input was unconstrained over all selected/current features"
DPIT301,actual_next,True,"DPIT301, MV302, P301, P302",DPIT301,((P302 - 1.126568) * DPIT301) - -2.494682,((MV303 + 0.5137794) / P302) - (((((P302 - (MV304 * P602)) * -2.3146544) + -5.050866) - (DPIT301 * 0.49996528)) * ((P302 - P602) - -0.10118557)),(DPIT301 - -7.763596) * ((P302 - 0.5983672) * 0.51159686),"DPIT301, P302",0.986753612098104,0.9851127288216726,0.98993699424899,0.9820954394694524,0.9818934530482868,"score=local; lowest=partially_local off=['MV303', 'MV304', 'P602']; PySR input was unconstrained over all selected/current features"
DPIT301,actual_delta,True,"DPIT301, MV302, P301, P302",MV304 + -1.0246598,((P302 - 2.1265676) * DPIT301) + 2.494675,(((0.0659242 * ((P302 - (DPIT301 / 18.21497)) * AIT401)) - 8.448883) / ((((P302 + P602) / (4.212534 - MV304)) * 2.8125684) + -1.2248803)) - 0.38640365,P302 * ((DPIT301 * (P302 - 2.1214385)) + 2.391632),"DPIT301, P302",0.6074057826700434,0.5832616840993119,0.6522714825675514,0.49879880041615,0.4931654028020897,"score=local; lowest=partially_local off=['AIT401', 'MV304', 'P602']; PySR input was unconstrained over all selected/current features"
DPIT301,mlp_next,True,"DPIT301, MV302, P301, P302",DPIT301,P302 * ((DPIT301 * 0.39482975) + P302),((((P302 * ((MV303 + (((DPIT301 * ((MV302 * 0.095007956) + -0.10572746)) * MV302) + 6.6339765)) / P602)) + MV301) + -7.54217) / 0.81099516) + 0.6537029,(DPIT301 - -7.9775205) * ((P302 * 0.5211993) + -0.33570245),"DPIT301, P302",0.9906938881967214,0.9896358395896444,0.9941291959819646,0.9902601935475372,0.9901104031676156,"score=local; lowest=partially_local off=['MV303', 'P602']; PySR input was unconstrained over all selected/current features"
DPIT301,mlp_delta,True,"DPIT301, MV302, P301, P302",MV304 + -1.1664011,(P302 / 0.18366386) + (((-0.8699277 / ((MV302 + MV303) * (MV304 + -0.62784594))) - 1.9740281) * (FIT301 + 1.8012283)),((((-0.7500305 / ((MV303 + MV302) * (MV304 + -0.6072872))) - FIT501) * ((FIT301 + 1.4888887) * 1.0873708)) + ((P302 / 0.19189157) - P602)) * 1.228125,0.15773942 / ((MV302 / -1.0813254) + (P302 - 1.0164474)),"MV302, P302",0.1409733356880615,0.6226202746003215,0.6761946281379063,0.6630085166796589,0.6578289127921318,"score=partially_local off=['MV303', 'MV304']; lowest=partially_local off=['FIT501', 'MV303', 'MV304', 'P602']; PySR input was unconstrained over all selected/current features"
FIT301,actual_next,True,"FIT301, MV304, P301, P302",FIT301,(P302 * 2.1606479) + -2.106325,((P302 * P302) / ((P602 / ((P302 * ((MV304 * P302) - 0.9977406)) * (((MV303 * MV303) * P302) - 0.9695323))) + 60.598076)) * 33.840496,,,,0.9811335486298752,0.9877436224830646,,,score=unknown_support; lowest=unknown_support; PySR input was unconstrained over all selected/current features
FIT301,actual_delta,True,"FIT301, MV304, P301, P302",FIT601 * 0.05802263,(((FIT301 * -0.46237952) + P302) + -0.97567767) / 0.4949371,(((((P302 + -1.438063) + ((FIT301 * -0.3974541) * FIT301)) * ((FIT301 * -0.9011536) + (3.4437406 - (P302 * 0.20699619)))) + 1.4314378) * 1.3747863) / P302,,,,0.6300825338137217,0.7414953943761422,,,score=unknown_support; lowest=unknown_support; PySR input was unconstrained over all selected/current features
FIT301,mlp_next,True,"FIT301, MV304, P301, P302",FIT301,(P302 * 2.155994) - 2.1091363,(((((DPIT301 + 1.9268205) - (P302 * P302)) * (MV303 - MV301)) * 0.08425833) * MV303) + ((P602 - FIT601) * ((P302 * 2.2069943) - 2.2111783)),,,,0.9862860185043422,0.9933953565045388,,,score=unknown_support; lowest=unknown_support; PySR input was unconstrained over all selected/current features
FIT301,mlp_delta,True,"FIT301, MV304, P301, P302",FIT301 * -0.0092934985,((P302 * -2.1591964) + (FIT301 + 2.116447)) / -1.1280571,(((FIT301 + 2.2140336) / P302) + -2.2085495) * ((((P602 - (MV303 / P302)) * ((0.48098212 - (MV303 / P302)) / P302)) / P302) - P302),,,,0.7096734080008842,0.836951103681507,,,score=unknown_support; lowest=unknown_support; PySR input was unconstrained over all selected/current features
LIT301,actual_next,True,"LIT301, LIT101, FIT201, FIT301",LIT301,(FIT201 + LIT301) - FIT301,(((P403 + (((P201 - FIT301) + (FIT201 - 0.53871083)) * 1.9647664)) - (-0.13563688 / (P205 + (P402 + 0.11075465)))) + LIT301) - (P402 + -0.08280473),LIT301,LIT301,0.9992378323665032,0.9996939262319066,0.999838953422388,0.9993397680056956,0.9993397562483232,"score=partially_local off=['FIT201']; lowest=partially_local off=['FIT201', 'P201', 'P205', 'P402', 'P403']; PySR input was unconstrained over all selected/current features"
LIT301,actual_delta,True,"LIT301, LIT101, FIT201, FIT301",FIT201 - FIT301,FIT201 - FIT301,FIT501 * ((((((FIT201 + -3.8755417) * (AIT202 - 8.003904)) + -0.914326) + ((5.4755807 - FIT301) * (PIT503 * 0.002519005))) / 0.41839734) - (FIT601 * -0.06737881)),,,,0.5979042813457807,0.7881415324049472,0.1326382278994358,0.1326228254179642,"score=partially_local off=['FIT201']; lowest=partially_local off=['AIT202', 'FIT201', 'FIT501', 'FIT601', 'PIT503']; PySR input was unconstrained over all selected/current features"
LIT301,mlp_next,True,"LIT301, LIT101, FIT201, FIT301",LIT301,FIT201 + (LIT301 / 1.0031911),(((((FIT201 - FIT601) + ((((13.005338 - PIT502) - FIT301) - (LIT301 * -0.3632654)) - FIT601)) - FIT601) * 2.6544063) - MV302) + FIT101,LIT301,LIT301,0.9875290023676212,0.9883943155483004,0.9904670905838896,0.9893392718301368,0.9893471490942212,"score=partially_local off=['FIT201']; lowest=partially_local off=['FIT101', 'FIT201', 'FIT601', 'PIT502']; PySR input was unconstrained over all selected/current features"
LIT301,mlp_delta,True,"LIT301, LIT101, FIT201, FIT301",FIT201 + -2.779325,FIT201 + -2.779325,((((FIT101 - ((MV302 + FIT601) * 4.8023434)) / P205) + 27.09197) - (LIT301 / (AIT402 + -119.56575))) * (((FIT601 + MV301) + FIT601) * 1.32507),,,,0.0487613992736157,0.2073258118400818,0.1400657441270991,0.1407010418489872,"score=off_process off=['FIT201']; lowest=partially_local off=['AIT402', 'FIT101', 'FIT601', 'P205']; PySR input was unconstrained over all selected/current features"
AIT401,actual_next,True,"AIT401, LIT101, P205, PIT502",AIT401 + 2.1645715e-6,AIT401 + 2.1645715e-6,AIT401 + 2.1645715e-6,,,,0.1882113029173376,0.1882113029173376,,,score=unknown_support; lowest=unknown_support; PySR input was unconstrained over all selected/current features
AIT401,actual_delta,True,"AIT401, LIT101, P205, PIT502",FIT601 * -0.00012230645,(AIT401 - 148.8028) * -0.40495628,((UV401 * ((0.33416578 / (148.79422 - AIT401)) + ((AIT203 * (148.81744 - AIT401)) * (MV302 / P101)))) * (148.80325 - AIT401)) * (148.79373 - AIT401),,,,0.1396363614927335,0.1639389579454951,,,score=unknown_support; lowest=unknown_support; PySR input was unconstrained over all selected/current features
AIT401,mlp_next,True,"AIT401, LIT101, P205, PIT502",FIT301 + 147.5687,FIT301 + 147.5687,(((((FIT601 + ((MV101 * (((PIT502 * MV302) - MV301) * MV301)) - 2.2367363)) * MV101) - P101) * PIT502) + (AIT504 - -158.63866)) * 0.88694113,,,,-0.3713751688244981,-0.7932141840778275,,,score=unknown_support; lowest=unknown_support; PySR input was unconstrained over all selected/current features
AIT401,mlp_delta,True,"AIT401, LIT101, P205, PIT502",FIT301 - MV301,FIT301 - MV301,(((PIT502 * MV101) + -1.057854) * (((MV302 + PIT502) * (AIT504 * 0.29789913)) + (LIT401 * -0.011507997))) - (((P101 + FIT601) * MV301) + -2.113792),,,,-0.4600285001035413,-0.909125905143279,,,score=unknown_support; lowest=unknown_support; PySR input was unconstrained over all selected/current features
AIT402,actual_next,True,"AIT402, DPIT301, LIT301, P301",AIT402,(DPIT301 * 0.0019916631) - (AIT402 * -0.9997869),(DPIT301 * 0.0019916631) - (AIT402 * -0.9997869),,,,0.9651044214350912,0.9651044214350912,,,score=unknown_support; lowest=unknown_support; PySR input was unconstrained over all selected/current features
AIT402,actual_delta,True,"AIT402, DPIT301, LIT301, P301",FIT101 * -0.0021368994,(DPIT301 * 0.0019646543) - 0.033254433,(((MV304 - ((FIT201 * ((FIT101 + 0.34684992) * 0.2197507)) + (0.38875604 - MV301))) * (1.1270773 / (MV302 + -1.3296402))) / AIT502) / (PIT502 * P602),,,,0.0088450199501306,0.0132870625245445,,,score=unknown_support; lowest=unknown_support; PySR input was unconstrained over all selected/current features
AIT402,mlp_next,True,"AIT402, DPIT301, LIT301, P301",AIT502 + 13.979371,AIT502 + 13.979371,((((AIT201 * (FIT601 + 0.05545989)) - 14.984427) * MV302) + 43.80033) + ((AIT502 * 0.7985408) + (FIT601 * (65.58544 - (FIT601 + (AIT201 * 1.2376738))))),,,,0.5203798638874093,0.535862708605438,,,score=unknown_support; lowest=unknown_support; PySR input was unconstrained over all selected/current features
AIT402,mlp_delta,True,"AIT402, DPIT301, LIT301, P301",FIT601 + 1.4705826,(AIT402 * -0.4311449) + 69.584366,((((AIT402 * (0.21655278 - (AIT201 * 0.0018156609))) / FIT501) + 25.265093) * (((FIT601 + (MV301 * -0.2771049)) * MV302) + 1.7835234)) - (MV301 * 0.10394631),,,,-0.5392487361783422,0.2102823789339338,,,score=unknown_support; lowest=unknown_support; PySR input was unconstrained over all selected/current features
FIT401,actual_next,True,"FIT401, UV401, AIT504, PIT503",FIT401,FIT501 * 0.9938594,((((-1.447233 / FIT401) - (((LIT401 - 0.18589081) / P202) * -2.0846926e-5)) + (((PIT501 + AIT202) * -0.0018422011) * P202)) / FIT501) + 2.470836,,,,0.3685270919014908,0.5024184380430528,,,score=unknown_support; lowest=unknown_support; PySR input was unconstrained over all selected/current features
FIT401,actual_delta,True,"FIT401, UV401, AIT504, PIT503",FIT301 * 9.384373e-6,(FIT501 * 0.9938594) - FIT401,(((((FIT401 + -2.2637863) * (-0.2594247 / FIT503)) * (FIT501 + -0.96613586)) - 0.14530955) + ((P603 / -0.7451585) / LIT401)) / ((0.40524256 / PIT502) / 1.0229114),,,,0.1334670544456836,0.245923221105466,,,score=unknown_support; lowest=unknown_support; PySR input was unconstrained over all selected/current features
FIT401,mlp_next,True,"FIT401, UV401, AIT504, PIT503",FIT401,(FIT501 * 0.7835406) - -0.36558396,((0.5742711 - (FIT501 * -0.48703405)) + -0.13303502) - ((AIT504 * ((-0.0019876487 - ((LIT401 * 7.342948e-7) - (DPIT301 * -7.544232e-6))) * FIT501)) + -0.37846953),,,,0.1565790662656043,0.4117327547122356,,,score=unknown_support; lowest=unknown_support; PySR input was unconstrained over all selected/current features
FIT401,mlp_delta,True,"FIT401, UV401, AIT504, PIT503",FIT504 - 0.30560806,((FIT401 * -0.4953349) + 0.78547215) - (AIT504 * -0.0055205817),((MV101 * ((DPIT301 + (FIT101 / P101)) * 0.010208508)) / (AIT201 * 0.42931002)) + (((-0.5485853 - ((AIT504 * -0.026331544) / AIT202)) * FIT401) + 0.87588227),,,,0.0406715331936246,0.1635922495732452,,,score=unknown_support; lowest=unknown_support; PySR input was unconstrained over all selected/current features
LIT401,actual_next,True,"LIT401, DPIT301, FIT301, UV401",LIT401,(LIT401 + FIT301) + -1.8539764,(LIT401 + -3.3585808) + (((0.12668157 / P205) + (((FIT301 * 4.7327576) - DPIT301) * DPIT301)) * -0.022342663),,,,0.9995055583811716,0.999745545066612,,,score=unknown_support; lowest=unknown_support; PySR input was unconstrained over all selected/current features
LIT401,actual_delta,True,"LIT401, DPIT301, FIT301, UV401",FIT301 + -1.8539585,FIT301 + -1.8539585,AIT503 * (((((DPIT301 * (((DPIT301 * 0.20773844) / PIT501) * DPIT301)) - P302) - 1.6294559) - MV302) / (AIT203 - (MV303 / (1.0390974 - P602)))),,,,0.5114141618165295,0.7488007987203906,,,score=unknown_support; lowest=unknown_support; PySR input was unconstrained over all selected/current features
LIT401,mlp_next,True,"LIT401, DPIT301, FIT301, UV401",LIT401,LIT401 + FIT301,((AIT504 + ((AIT504 - 11.026568) * (((FIT201 * MV101) * 0.35143894) - MV301))) * 2.3805046) + (((FIT301 + LIT401) - (MV304 * MV304)) * 0.9668448),,,,0.986120001556538,0.9901191844660232,,,score=unknown_support; lowest=unknown_support; PySR input was unconstrained over all selected/current features
LIT401,mlp_delta,True,"LIT401, DPIT301, FIT301, UV401",FIT301,(DPIT301 * 0.35109842) - 4.089957,(FIT301 + ((((MV301 - MV101) * (MV304 - ((P101 * AIT504) + ((P101 * -9.665377) - FIT101)))) - 0.46948797) * (MV101 + FIT601))) - FIT101,,,,-0.1926564306131448,0.0565812906219522,,,score=unknown_support; lowest=unknown_support; PySR input was unconstrained over all selected/current features
AIT501,actual_next,True,"AIT501, AIT502, AIT504, FIT503",AIT501,((P203 + AIT501) - P203) - 2.7692013e-6,((P203 + AIT501) - P203) - 2.7692013e-6,,,,0.7923497885294091,0.7923497885294091,,,score=unknown_support; lowest=unknown_support; PySR input was unconstrained over all selected/current features
AIT501,actual_delta,True,"AIT501, AIT502, AIT504, FIT503",-1.312961e-5 / P101,-0.050797254 - (-0.400536 / AIT501),(((((1.7651641 / AIT503) - (-0.5489432 / AIT501)) * (AIT504 / 1.3430375)) * (((-3.1788714 / AIT503) - (-1.124523 / AIT501)) - 0.1338976)) - -0.0022665195) * MV301,,,,0.0024119466999804,0.0074419359479926,,,score=unknown_support; lowest=unknown_support; PySR input was unconstrained over all selected/current features
AIT501,mlp_next,True,"AIT501, AIT502, AIT504, FIT503",AIT501,((-0.00075234805 / (1.2853667 - P602)) + (0.0047709513 / P205)) + AIT501,((-0.00075234805 / (1.2853667 - P602)) + (0.0047709513 / P205)) + AIT501,,,,0.6927538618074958,0.6927538618074958,,,score=unknown_support; lowest=unknown_support; PySR input was unconstrained over all selected/current features
AIT501,mlp_delta,True,"AIT501, AIT502, AIT504, FIT503",0.0010392929 / P205,(0.004134733 / P203) + -0.0021683052,(((FIT401 * P602) - P203) * (MV301 * ((0.04910112 / (0.3777253 / FIT401)) - 0.22234258))) - (-0.0011651901 / ((MV302 * (MV304 * P302)) + 0.3262805)),,,,0.1129221569576141,0.0768672390307488,,,score=unknown_support; lowest=unknown_support; PySR input was unconstrained over all selected/current features
AIT502,actual_next,True,"AIT502, DPIT301, LIT301, AIT402",AIT502,((DPIT301 * 0.0020132149) - 0.033764616) + AIT502,(((-0.23467733 - ((0.59430474 - P102) / (P401 * 0.7041746))) + (AIT502 + (AIT203 * 0.0032624197))) * (((P502 - 0.2993531) / 0.7070525) / P204)) - 0.0782809,,,,0.9717002882420356,0.9716757137493016,,,score=unknown_support; lowest=unknown_support; PySR input was unconstrained over all selected/current features
AIT502,actual_delta,True,"AIT502, DPIT301, LIT301, AIT402",FIT301 * 0.002464145,(-0.09247245 / P101) + (2.5612311 - (6.077985 / (AIT402 / (AIT502 - 80.38672)))),(2.5531688 - ((6.0468235 / (AIT402 / (AIT502 - 80.35351))) - (((AIT201 + (FIT401 / P101)) / LIT401) / ((P203 * -1.9483622) - MV302)))) * 1.1743232,,,,0.0381918630299082,0.0466499685737631,,,score=unknown_support; lowest=unknown_support; PySR input was unconstrained over all selected/current features
AIT502,mlp_next,True,"AIT502, DPIT301, LIT301, AIT402",AIT502,AIT502 + -0.8894442,((((P602 + AIT502) + ((((AIT501 * 24.902702) + -140.236) + (MV303 * FIT503)) * FIT503)) - (-6.301364 / FIT502)) * 0.98010105) + -44.570034,,,,-0.6854525961840596,-0.5985984133633753,,,score=unknown_support; lowest=unknown_support; PySR input was unconstrained over all selected/current features
AIT502,mlp_delta,True,"AIT502, DPIT301, LIT301, AIT402",MV303 + -1.9087626,(91.12342 / FIT401) + -53.702084,(((FIT401 * -34.212547) + 58.109856) / (PIT502 - 0.18648046)) + (P101 / (((MV303 - 0.3500203) * ((FIT301 * (DPIT301 - MV301)) + -4.2957726)) + AIT202)),,,,-0.495542828333142,-0.1462177410949139,,,score=unknown_support; lowest=unknown_support; PySR input was unconstrained over all selected/current features
AIT503,actual_next,True,"AIT503, FIT101, LIT401, AIT504",AIT503,(AIT503 + P201) * 0.99627405,(AIT503 + P201) * 0.99627405,,,,0.9854967520835624,0.9854967520835624,,,score=unknown_support; lowest=unknown_support; PySR input was unconstrained over all selected/current features
AIT503,actual_delta,True,"AIT503, FIT101, LIT401, AIT504",7.885052 - AIT501,((FIT201 * FIT101) * (1001.6934 - LIT401)) * (0.0053736656 - ((LIT401 / LIT101) / AIT203)),((FIT201 * FIT101) * (((((1.8091241 - (LIT401 / LIT101)) * (938.96 - LIT401)) * (MV302 / LIT401)) + -0.0034672641) * (MV302 - -0.83769494))) * PIT502,,,,0.0440745847162851,0.0482542720816192,,,score=unknown_support; lowest=unknown_support; PySR input was unconstrained over all selected/current features
AIT503,mlp_next,True,"AIT503, FIT101, LIT401, AIT504",AIT503,(AIT202 + AIT503) * 0.9698608,(((FIT401 * 4.404733) + (AIT503 * 0.9721509)) + (FIT201 * (((FIT101 * -10.979655) / LIT101) * MV303))) / P206,,,,0.90228395132396,0.91553676409075,,,score=unknown_support; lowest=unknown_support; PySR input was unconstrained over all selected/current features
AIT503,mlp_delta,True,"AIT503, FIT101, LIT401, AIT504",0.12244931 / P203,(AIT503 * -0.027766427) + 7.495182,(P302 + 2.5445137) * (MV304 * ((((FIT401 + (AIT503 / ((FIT101 * (MV201 - (2.1492534 - MV303))) - AIT401))) + 0.08567224) * MV301) - -0.017760335)),,,,-0.0867267897323782,0.0419608329053207,,,score=unknown_support; lowest=unknown_support; PySR input was unconstrained over all selected/current features
AIT504,actual_next,True,"AIT504, FIT503, P501, PIT503",AIT504,(((AIT503 * 0.014333102) + AIT504) * 190.78212) / PIT501,FIT501 * (((AIT503 / PIT501) * ((((97.33929 / PIT501) + -0.065292574) * AIT504) + -1.1582012)) - ((MV101 * 0.0029363902) + -4.0916004)),,,,0.4842016146477195,0.5200177921234934,,,score=unknown_support; lowest=unknown_support; PySR input was unconstrained over all selected/current features
AIT504,actual_delta,True,"AIT504, FIT503, P501, PIT503",0.0064904573 / AIT504,(1017.0082 / PIT503) - (0.3702403 * ((8.169277 + AIT504) / (AIT503 / PIT503))),(FIT401 * ((((-0.11707549 - (((AIT504 + 4.3371224) / (AIT503 / PIT503)) * 1.2041773)) * (FIT503 / FIT401)) + (1153.141 / PIT503)) / P302)) * 1.0522094,,,,0.1528681999251484,0.138244352320894,,,score=unknown_support; lowest=unknown_support; PySR input was unconstrained over all selected/current features
AIT504,mlp_next,True,"AIT504, FIT503, P501, PIT503",AIT504,(AIT202 * AIT504) * 0.118650265,(PIT502 + ((AIT202 - ((AIT504 * 0.29017395) - (((MV304 * 0.09395634) - (MV101 * 0.038590122)) * PIT502))) * ((AIT504 * 0.29834783) - 1.7827157))) - -2.0463247,,,,-0.1129565577706337,-0.8163874830016014,,,score=unknown_support; lowest=unknown_support; PySR input was unconstrained over all selected/current features
AIT504,mlp_delta,True,"AIT504, FIT503, P501, PIT503",AIT202 + -8.449143,AIT202 + -8.449143,(MV304 * 0.23172551) + ((AIT504 + -10.680212) * (AIT202 + (-8.0262575 - ((0.5643476 / ((PIT502 * PIT502) - (MV101 * -0.23243509))) - (MV101 * -0.09500233))))),,,,-0.2075091641052278,0.0724845968621916,,,score=unknown_support; lowest=unknown_support; PySR input was unconstrained over all selected/current features
FIT501,actual_next,True,"FIT501, UV401, AIT504, PIT503",FIT501,(0.25225225 / FIT503) + (FIT501 * 0.8015765),(AIT504 / ((AIT503 + ((P302 - FIT101) - P203)) - AIT504)) - ((FIT501 * -0.74269104) - 0.39687046),,,,0.4868783583579188,0.5027420228880817,,,score=unknown_support; lowest=unknown_support; PySR input was unconstrained over all selected/current features
FIT501,actual_delta,True,"FIT501, UV401, AIT504, PIT503",FIT601 * -0.00016907294,((-0.00085739413 * PIT501) + -0.1706934) - (-0.6667182 / FIT501),(P102 * (1.0652398 * (((0.8420496 * 0.6897014) * ((((-0.29181185 - (-1.4737935 / FIT501)) * FIT401) + (PIT501 * -0.00119375)) / P102)) - 0.38574314))) / 1.0335827,,,,0.1624590060329526,0.2224842587180319,,,score=unknown_support; lowest=unknown_support; PySR input was unconstrained over all selected/current features
FIT501,mlp_next,True,"FIT501, UV401, AIT504, PIT503",FIT501,(FIT501 * 0.8248058) + 0.30391565,(P501 + (-0.58366436 / AIT504)) - (((MV304 - (MV101 * PIT502)) * (MV304 / LIT101)) + ((2.0910416 - FIT501) * 0.6181745)),,,,0.1862802694293277,0.3634475388959631,,,score=unknown_support; lowest=unknown_support; PySR input was unconstrained over all selected/current features
FIT501,mlp_delta,True,"FIT501, UV401, AIT504, PIT503",FIT504 + -0.30629426,FIT504 + -0.30629426,((((AIT501 + AIT501) * (FIT501 + -1.9911042)) * ((FIT502 + 0.5517624) / (AIT502 - PIT501))) + (-0.35609528 - ((FIT401 * -0.28579292) / FIT501))) * 1.3731192,,,,-0.1288639134943856,-0.1018228053925116,,,score=unknown_support; lowest=unknown_support; PySR input was unconstrained over all selected/current features
FIT502,actual_next,True,"FIT502, P402, FIT501, PIT503",FIT501 - 0.4397535,FIT501 - 0.4397535,(FIT502 * 0.02617623) + ((FIT501 * (-0.00088340475 * (PIT501 + ((P302 - P205) - FIT601)))) + (FIT501 + ((MV101 - AIT201) * 0.00034953313))),,,,0.0503566447832175,0.0547415547570727,,,score=unknown_support; lowest=unknown_support; PySR input was unconstrained over all selected/current features
FIT502,actual_delta,True,"FIT502, P402, FIT501, PIT503",1.2963533 - FIT502,(FIT501 + -0.43975216) - FIT502,((((((MV201 * -0.052977644) / AIT504) + 0.820144) * FIT501) - ((-0.0013570702 - (FIT502 / PIT503)) * (MV201 - PIT503))) * 0.97319376) + 0.122514695,,,,0.4798184354458831,0.4768292081904709,,,score=unknown_support; lowest=unknown_support; PySR input was unconstrained over all selected/current features
FIT502,mlp_next,True,"FIT502, P402, FIT501, PIT503",FIT501 - 0.44277638,FIT501 - 0.44277638,(((((FIT301 * ((MV304 * FIT101) * 0.00022107929)) + 0.78323513) - (0.0016284367 * PIT503)) * FIT501) + (LIT401 * 1.9577172e-5)) + 0.44617,,,,0.2736949785729322,0.6641051125226298,,,score=unknown_support; lowest=unknown_support; PySR input was unconstrained over all selected/current features
FIT502,mlp_delta,True,"FIT502, P402, FIT501, PIT503",1.2933306 - FIT502,(FIT501 + -0.44277638) - FIT502,(LIT401 * 3.0199122e-5) + ((-0.5567732 - ((FIT501 * PIT501) * ((0.0043749497 - (0.005168037 / FIT501)) - (FIT502 * 0.0021234695)))) / ((P302 * -0.009628513) + -0.9299808)),,,,0.9417828888556444,0.9668776554039368,,,score=unknown_support; lowest=unknown_support; PySR input was unconstrained over all selected/current features
FIT503,actual_next,True,"FIT503, UV401, FIT504, PIT501",FIT503,((FIT501 * -29.182224) / PIT501) + 0.9358938,(((P201 / (FIT401 + (FIT501 / FIT401))) + P401) + ((-29.432901 / PIT503) - 0.47720796)) * P206,,,,0.2904734575768593,0.2068616583726076,,,score=unknown_support; lowest=unknown_support; PySR input was unconstrained over all selected/current features
FIT503,actual_delta,True,"FIT503, UV401, FIT504, PIT501",-8.00931e-6 / DPIT301,((PIT501 * 0.0013949637) / FIT501) + (0.53232247 - FIT503),(((((((PIT501 * 0.00125993) / FIT501) + 0.5994029) - ((FIT503 * (AIT402 + -2.6400323)) / AIT402)) / (-0.13669677 - FIT401)) * -1.8168014) - 0.05850511) / 1.0166483,,,,0.3703126961849639,0.4501341837777578,,,score=unknown_support; lowest=unknown_support; PySR input was unconstrained over all selected/current features
FIT503,mlp_next,True,"FIT503, UV401, FIT504, PIT501",FIT503,0.52124536 - ((PIT501 / FIT501) * -0.0014730754),0.93931216 - ((((((MV303 - FIT601) - ((MV302 + FIT601) - MV201)) + AIT503) - (PIT502 / -0.20719847)) / PIT501) * (FIT401 * (29.155712 / AIT503))),,,,-2.2674687516573138,-0.2739861213090417,,,score=unknown_support; lowest=unknown_support; PySR input was unconstrained over all selected/current features
FIT503,mlp_delta,True,"FIT503, UV401, FIT504, PIT501",0.00027969203 / P101,(MV302 - MV201) * 0.000714831,(((((MV201 * PIT502) + (FIT601 / (FIT502 - P101))) + (-0.2503381 / PIT502)) / P602) - P302) * (((MV101 * PIT502) * -0.5503714) / LIT301),,,,-1.1190322165082147,-0.311747916695106,,,score=unknown_support; lowest=unknown_support; PySR input was unconstrained over all selected/current features
FIT504,actual_next,True,"FIT504, UV401, FIT503, PIT503",FIT504,(FIT501 * -0.11081614) + 0.49844268,(P402 / LIT401) + (((FIT401 / -35.570915) + (((AIT201 / AIT401) / PIT503) - -2.870308)) + (((-2.3850467 / FIT501) / FIT501) - FIT501)),,,,0.2267632600394434,0.1166696169186587,,,score=unknown_support; lowest=unknown_support; PySR input was unconstrained over all selected/current features
FIT504,actual_delta,True,"FIT504, UV401, FIT503, PIT503",FIT601 * 7.390561e-5,-0.12870598 - (-0.039390232 / FIT504),(((P402 + PIT502) * (((0.11255481 - (FIT401 * (0.1851229 - FIT504))) * (FIT501 * -0.90642065)) - (-0.15470143 / FIT504))) / AIT501) / (FIT401 * PIT502),,,,0.0422356698369982,0.3229772444302464,,,score=unknown_support; lowest=unknown_support; PySR input was unconstrained over all selected/current features
FIT504,mlp_next,True,"FIT504, UV401, FIT503, PIT503",FIT504,FIT503 * 0.4177508,(((-0.17335932 - ((AIT503 * -2.5526417e-5) - (AIT501 * 0.01029812))) * FIT501) - (PIT502 * (LIT401 * 3.871499e-6))) - -0.45786428,,,,-4.081422205504559,0.3515016341854073,,,score=unknown_support; lowest=unknown_support; PySR input was unconstrained over all selected/current features
FIT504,mlp_delta,True,"FIT504, UV401, FIT503, PIT503",MV304 * -0.00015873187,((0.079479896 / FIT504) + (FIT501 * -0.09001841)) + -0.10356298,((PIT503 * 0.00037224093) + ((MV201 + LIT401) * (-1.7684699e-6 + (-4.1161707e-6 * PIT502)))) + (((0.07607643 / FIT504) - (MV304 * 0.0007112074)) + -0.31231663),,,,-0.2874070599878975,0.7907631345614187,,,score=unknown_support; lowest=unknown_support; PySR input was unconstrained over all selected/current features
PIT501,actual_next,True,"PIT501, UV401, AIT504, FIT501",PIT501,(22.841675 / FIT401) + (PIT501 * 0.9467963),(((77.86309 / FIT501) - 20.882067) + ((((FIT504 + 0.6596557) / (PIT501 / (LIT401 - AIT401))) * 0.28767502) + (PIT501 * 0.90401787))) + -0.9161532,,,,0.7854331434749648,0.805783472120433,,,score=unknown_support; lowest=unknown_support; PySR input was unconstrained over all selected/current features
PIT501,actual_delta,True,"PIT501, UV401, AIT504, FIT501",1.7252886 - FIT401,((PIT503 + -555.1891) * -0.08190849) - (FIT501 * 17.326128),(AIT504 * 0.08029678) * (((((PIT503 + -558.9744) * -0.07480478) - (FIT501 * 15.623119)) * (LIT301 / ((FIT201 - -558.9744) * (LIT301 / LIT401)))) - P403),,,,0.1054191109471985,0.1395048902241843,,,score=unknown_support; lowest=unknown_support; PySR input was unconstrained over all selected/current features
PIT501,mlp_next,True,"PIT501, UV401, AIT504, FIT501",PIT501,PIT503 + 60.73092,((((FIT601 + P302) * 0.6271249) + ((P101 / -1.9086204) / (FIT101 - -1.9958045))) + ((PIT501 + -245.09763) / (PIT502 - -0.055403877))) - -244.53247,,,,-0.0635132903620685,-0.4559954955378644,,,score=unknown_support; lowest=unknown_support; PySR input was unconstrained over all selected/current features
PIT501,mlp_delta,True,"PIT501, UV401, AIT504, FIT501",-0.31835958 / P302,((PIT501 * -0.13555798) * FIT401) + 58.053062,(((FIT401 * ((PIT501 + ((((FIT601 * (FIT201 * -0.67061406)) + (11.745871 - MV101)) * PIT502) - FIT301)) * -0.18765081)) + 76.899254) / FIT502) + 4.981922,,,,-0.3209004466214293,0.029766588056588,,,score=unknown_support; lowest=unknown_support; PySR input was unconstrained over all selected/current features
PIT502,actual_next,True,"PIT502, UV401, FIT501, PIT503",AIT504 * 0.08759498,AIT501 + (-11.770161 / FIT501),((AIT501 + ((PIT502 * ((((-8.835756 / FIT501) - FIT401) * -8.835757) + MV201)) / (AIT503 + MV304))) + (-8.828422 / FIT501)) + (FIT503 * -2.6624172),,,,-0.9363547887998832,-0.17882611522264,,,score=unknown_support; lowest=unknown_support; PySR input was unconstrained over all selected/current features
PIT502,actual_delta,True,"PIT502, UV401, FIT501, PIT503",1.1056995 - PIT502,0.6407378 - (PIT502 / FIT401),(((AIT202 * (-0.38420135 / FIT401)) + (-6.116525 / FIT501)) + ((FIT503 * (PIT502 * -1.0703042)) + (AIT501 - (AIT203 * 0.0009534197)))) + -1.3170761,,,,-9.787236190836907,-22.69140824873421,,,score=unknown_support; lowest=unknown_support; PySR input was unconstrained over all selected/current features
PIT502,mlp_next,True,"PIT502, UV401, FIT501, PIT503",PIT502,(AIT504 * (PIT502 * 0.030892953)) + 0.6798782,(((AIT504 * PIT502) * (((LIT301 * LIT301) * (((MV303 * (PIT502 * FIT201)) + AIT202) * (P302 * -8.468551e-7))) + AIT201)) * 0.0001234611) + 0.67764986,,,,0.7071895627565126,0.6698367180139644,,,score=unknown_support; lowest=unknown_support; PySR input was unconstrained over all selected/current features
PIT502,mlp_delta,True,"PIT502, UV401, FIT501, PIT503",1.7416754 - FIT501,-0.50478697 - (-0.562674 / PIT502),(PIT502 * -0.3384674) - (((1.3866192 - FIT501) / PIT502) - (((PIT501 + (((FIT301 + FIT201) / 1.5778005) - PIT502)) - AIT201) * (AIT504 * -0.0003372321))),,,,0.8146935199775106,0.5378120126197865,,,score=unknown_support; lowest=unknown_support; PySR input was unconstrained over all selected/current features
PIT503,actual_next,True,"PIT503, UV401, AIT504, FIT501",PIT503,((PIT503 + -14.21863) + (49.827824 / FIT401)) * 0.927643,(((((((0.008693837 / AIT504) / ((PIT503 / LIT401) / -7.837621)) / ((PIT503 / LIT401) / -7.8376236)) + 78.27151) / FIT501) + -21.298433) + PIT503) * 0.8853464,,,,0.8150959864677114,0.8231018167134138,,,score=unknown_support; lowest=unknown_support; PySR input was unconstrained over all selected/current features
PIT503,actual_delta,True,"PIT503, UV401, AIT504, FIT501",1.72527 - FIT401,(FIT401 * ((PIT503 * -0.02389579) * FIT401)) + 13.370456,(MV301 - AIT504) * (((((((PIT503 * 0.015514535) + (PIT501 * -0.008974846)) + 0.17937355) * FIT501) + (FIT401 - (LIT401 * 8.69821e-5))) + -3.1446223) * PIT502),,,,0.0974326931450646,0.093342079642505,,,score=unknown_support; lowest=unknown_support; PySR input was unconstrained over all selected/current features
PIT503,mlp_next,True,"PIT503, UV401, AIT504, FIT501",PIT503,(PIT503 / FIT501) + 79.65431,(FIT401 * -48.11151) + ((((((((MV304 * MV201) + -1.3682638) / (-0.19592282 - FIT101)) * -0.121843494) + -207.95906) - PIT503) * -0.687216) - PIT502),,,,-0.9002107844440908,0.1788860351903057,,,score=unknown_support; lowest=unknown_support; PySR input was unconstrained over all selected/current features
PIT503,mlp_delta,True,"PIT503, UV401, AIT504, FIT501",FIT201 * -0.040548768,49.332924 - ((FIT401 * 0.15222062) * PIT503),((((FIT501 * -47.790165) + (PIT503 * -0.32962197)) - -146.2065) / PIT502) + (-0.81241935 - (P201 - (FIT502 / (((MV304 / P302) / P101) + P101)))),,,,-0.017032403667726,0.3103291345776099,,,score=unknown_support; lowest=unknown_support; PySR input was unconstrained over all selected/current features
FIT601,actual_next,True,"FIT601, MV301, MV303, P602",P602 - 0.9933632,P602 - 0.9933632,(MV301 + -0.9999999) * (((MV301 / 1.0522417) + (P602 * ((DPIT301 / -3.4205492) + -0.18029658))) - (((DPIT301 / -0.2978874) - PIT502) * FIT301)),,,,0.8196492126690089,0.849332083434374,,,score=unknown_support; lowest=unknown_support; PySR input was unconstrained over all selected/current features
FIT601,actual_delta,True,"FIT601, MV301, MV303, P602",FIT601 * -0.22027072,(3.1378708 - FIT601) - (3.1355808 / P602),(((3.1692204 - ((FIT601 - (-3.1444178 / P602)) - (-0.024922466 / (FIT601 + (MV303 + -0.03790392))))) / P302) / P302) / ((P302 / 1.0252788) * P302),,,,0.9699759562181044,0.9017322103174404,,,score=unknown_support; lowest=unknown_support; PySR input was unconstrained over all selected/current features
FIT601,mlp_next,True,"FIT601, MV301, MV303, P602",FIT601,0.012179325 / (MV301 + -1.9920536),((FIT601 - (MV303 * -0.06493301)) * ((0.03862209 * MV301) + -0.19590612)) + (((P602 * 0.55772364) + (0.2902953 / (MV301 + -1.5434259))) / P302),,,,0.8492568442232977,0.9526028559258906,,,score=unknown_support; lowest=unknown_support; PySR input was unconstrained over all selected/current features
FIT601,mlp_delta,True,"FIT601, MV301, MV303, P602",FIT601 * -0.21153955,((P602 * 1.5673898) - FIT601) - 1.5621578,((MV303 * ((FIT601 * -20.077398) + (MV302 * -0.0070353844))) + (((P602 - 0.8465459) - (FIT601 * -39.60104)) - (MV301 * 0.13873854))) * (2.0505598 / P302),,,,0.9659304749303836,0.912095017723284,,,score=unknown_support; lowest=unknown_support; PySR input was unconstrained over all selected/current features
