S,G,Prec,Rec,F1,eTaP,eTaR,eTaF1,FPA,Scen
0.1,0.1,15.742397137745977,88.09788654060067,26.711635750421586,12.113182276676204,94.67191452164856,21.47824352771722,718.0,100.0
0.1,0.5,15.620902790784791,92.76974416017798,26.73933953190125,11.75214351093301,96.72869670855997,20.95797788889625,551.0,100.0
0.1,1.0,15.242821694434596,95.6618464961068,26.295673444427457,11.58968507652664,98.09708990351086,20.7301997731691,387.0,100.0
0.1,1.5,15.138816134101624,96.440489432703,26.169634772109863,11.569588901179127,98.36571843809683,20.704011328875985,339.0,100.0
0.1,2.0,15.102182196051263,96.99666295884316,26.13517158699236,11.462588441424025,98.60559381095094,20.53773064563843,309.0,100.0
0.1,2.5,15.05784838542566,96.99666295884316,26.068759342301945,11.653142312613005,98.60559381095094,20.843065282573125,299.0,100.0
0.1,3.0,15.094014145247542,97.33036707452726,26.135005973715653,11.667634485212194,98.81987952523666,20.871032251918106,297.0,100.0
0.1,3.5,15.106052767718571,97.44160177975527,26.15706180949537,11.588897096652978,98.85559381095094,20.74575734270076,296.0,100.0
0.1,4.0,15.120689655172416,97.55283648498332,26.183012389908946,11.470539586093864,98.89130809666524,20.55668128181604,296.0,100.0
0.1,4.5,15.120689655172416,97.55283648498332,26.183012389908946,11.470539586093864,98.89130809666524,20.55668128181604,296.0,100.0
0.1,5.0,15.132712857635298,97.66407119021136,26.205044023280102,11.11240043849242,98.92702238237952,19.980415358779737,295.0,100.0
0.1,6.0,15.142118863049095,97.77530589543936,26.22315035799523,11.029431708403578,98.98654619190332,19.84739620755193,293.0,100.0
0.1,7.0,15.142118863049095,97.77530589543936,26.22315035799523,11.029431708403578,98.98654619190332,19.84739620755193,293.0,100.0
0.1,8.0,15.171344928534529,97.99777530589544,26.274977631971367,10.628548931584463,99.0669033347605,19.197467312272444,293.0,100.0
0.1,9.0,15.183336202444483,98.10901001112346,26.29695885509839,10.569939307098709,99.18595095380812,19.10402219336813,292.0,100.0
0.1,10.0,15.178110480123902,98.10901001112346,26.289120715350226,9.60863272507297,99.18595095380812,17.520015095884688,290.0,100.0
0.1,12.0,15.21402784940691,98.44271412680756,26.354973198332345,9.01232220336117,99.4091652395224,16.526381407148858,287.0,100.0
0.1,15.0,15.212912087912086,98.5539488320356,26.357280975754872,9.135156301893144,99.45380809666524,16.733304103480044,284.0,100.0
0.1,20.0,15.201371036846616,98.66518353726364,26.343926343926345,8.688780332081686,99.51333190618904,15.982118336883788,278.0,100.0
0.1,25.0,15.159801743291744,98.66518353726364,26.281481481481485,7.5764569139861235,99.51333190618904,14.080865783020393,267.0,100.0
0.2,0.1,16.144731273804485,84.87208008898777,27.12888888888889,11.938094880421444,93.24113810454996,21.16618503216592,886.0,100.0
0.2,0.5,16.037735849056602,88.87652947719688,27.172249617412003,11.713702366311166,95.13020622994028,20.858969621454225,754.0,100.0
0.2,1.0,15.649867374005304,91.87986651835372,26.74437429172737,11.399317585094217,96.39603449994787,20.38768815081561,599.0,100.0
0.2,1.5,15.555141579731742,92.880978865406,26.64751874900272,11.309221607069944,96.81165889581544,20.25260059867202,550.0,100.0
0.2,2.0,15.603098487642937,94.10456062291436,26.767916468913143,10.996455334384844,97.34654118677676,19.76070307245307,521.0,100.0
0.2,2.5,15.60427413411938,94.21579532814238,26.77414256361625,10.93576173491962,97.4014862417218,19.66377152936689,518.0,100.0
0.2,3.0,15.704303052592866,94.9944382647386,26.95281679027931,10.478760156502382,97.786788439524,18.92909269514421,516.0,100.0
0.2,3.5,15.701415701415703,94.9944382647386,26.94856421584096,10.348661041073385,97.786788439524,18.71656950087145,515.0,100.0
0.2,4.0,15.726621348521036,95.21690767519466,26.99463891516872,10.314039604432992,97.86049664621092,18.661268596147888,513.0,100.0
0.2,4.5,15.726621348521036,95.21690767519466,26.99463891516872,10.314039604432992,97.86049664621092,18.661268596147888,513.0,100.0
0.2,5.0,15.73343124655774,95.32814238042268,27.009139615505827,10.042566124748388,97.8962109319252,18.21642228038177,511.0,100.0
0.2,6.0,15.747021081576534,95.55061179087876,27.03808624488511,9.81646307509304,98.01067979639406,17.845566404977685,508.0,100.0
0.2,7.0,15.735482689137203,95.55061179087876,27.021075810003147,9.89402139925946,98.01067979639406,17.973633261875914,504.0,100.0
0.2,8.0,15.748031496062993,95.6618464961068,27.044025157232703,9.77078193465432,98.05532265353692,17.770783407950443,503.0,100.0
0.2,9.0,15.775988286969254,95.88431590656285,27.094137985227096,9.676813051437232,98.23389408210836,17.618103960172157,502.0,100.0
0.2,10.0,15.761565185591516,95.88431590656285,27.07286432160804,8.913439666596206,98.23389408210836,16.34388570357237,499.0,100.0
0.2,12.0,15.787552473079028,96.21802002224696,27.12449043587332,8.56907474033091,98.45710836782266,15.76597979707748,494.0,100.0
0.2,15.0,15.789473684210526,96.440489432703,27.136150234741784,8.51327595842461,98.56127503448931,15.672806010427683,488.0,100.0
0.2,20.0,15.762742608380192,96.66295884315906,27.10542732376793,8.80757672045599,98.68032265353692,16.17176477784378,474.0,100.0
0.2,25.0,15.700090334236677,96.66295884315906,27.01274479328567,8.065868882530072,98.68032265353692,14.912804519873868,460.0,100.0
0.3,0.1,16.407637655417407,82.20244716351502,27.35517305200814,11.924993779167048,92.06502286973412,21.11500431252315,988.0,100.0
0.3,0.5,16.336105779483898,85.20578420467186,27.415891195418755,11.510476347581044,93.54550255975028,20.49865806469481,899.0,100.0
0.3,1.0,16.114610851452955,88.2091212458287,27.25085910652921,11.198488552897077,94.71352305242884,20.02885768348189,788.0,100.0
0.3,1.5,15.984908657664814,89.54393770856507,27.12721145745577,11.085354502639008,95.29608467773365,19.86043598404498,726.0,100.0
0.3,2.0,16.132858837485173,90.7675194660734,27.3963404398187,10.754132864536627,95.8632985555478,19.33880109036089,719.0,100.0
0.3,2.5,16.10384540308413,91.7686318131257,27.39953503819329,10.525030925487254,96.33027041347712,18.976673360289134,683.0,100.0
0.3,3.0,16.25778816199377,92.880978865406,27.67191383595692,10.056318981889046,96.85315444433984,18.220765368684173,681.0,100.0
0.3,3.5,16.267756372835183,92.99221357063404,27.69128850612785,9.758900090136136,96.89114836531247,17.731844480326338,679.0,100.0
0.3,4.0,16.30709426627794,93.32591768631812,27.76307081403044,9.652191138300378,97.0005708577137,17.55731465215862,677.0,100.0
0.3,4.5,16.30709426627794,93.32591768631812,27.76307081403044,9.652191138300378,97.0005708577137,17.55731465215862,677.0,100.0
0.3,5.0,16.310679611650485,93.43715239154616,27.773185650520748,9.427615293032188,97.036285143428,17.185557959962168,674.0,100.0
0.3,6.0,16.32732208648439,93.65962180200222,27.807133421400263,9.233408941984434,97.15075400789686,16.864025920844,671.0,100.0
0.3,7.0,16.327716443927947,93.77085650723026,27.812603101286705,9.292163147268068,97.18646829361116,16.962511761666445,666.0,100.0
0.3,8.0,16.35061919504644,93.99332591768632,27.855612328992912,9.21116241947406,97.35015876980164,16.82989876594125,663.0,100.0
0.3,9.0,16.379810481531617,94.21579532814238,27.90774299835256,9.12748825547014,97.52873019837304,16.692741452141547,662.0,100.0
0.3,10.0,16.360826733629516,94.21579532814238,27.880184331797235,8.871444736350645,97.52873019837304,16.263521008158683,659.0,100.0
0.3,12.0,16.377649325626205,94.54949944382648,27.919198554770897,8.85049638963538,97.69242067456354,16.230575251735836,654.0,100.0
0.3,15.0,16.388088376561,94.88320355951056,27.94888597640891,8.76728683750371,97.856111150754,16.092764092095212,646.0,100.0
0.3,20.0,16.33862029428626,95.10567296996662,27.886497064579256,8.23353701613997,97.97515876980162,15.190509410249804,629.0,100.0
0.3,25.0,16.25166318190458,95.10567296996662,27.759740259740266,7.897663526032759,97.97515876980162,14.617062643544465,613.0,100.0
0.4,0.1,16.6323966186886,80.97886540600668,27.596664139499623,11.88422347248556,91.44553091285611,21.03477611832272,1055.0,100.0
0.4,0.5,16.752519596864502,83.20355951056729,27.889634601044,11.48902634275654,92.51610718309048,20.43976016417806,1015.0,100.0
0.4,1.0,16.39552081132474,86.31813125695217,27.556818181818183,11.14753633108914,93.75190216318636,19.92580228215172,881.0,100.0
0.4,1.5,16.49549360721023,87.54171301446051,27.760141093474427,11.047750095200424,94.26276465429204,19.77754015656502,866.0,100.0
0.4,2.0,16.645754914261815,88.54282536151278,28.02323534588981,10.712603050112598,94.7528681424958,19.24895139218527,865.0,100.0
0.4,2.5,16.767466110531803,89.43270300333704,28.240252897787144,10.369865781291535,95.1154443960295,18.70088622684417,862.0,100.0
0.4,3.0,16.909317803660564,90.43381535038932,28.491326441212543,9.9197300096948,95.60326824897494,17.97444395485307,859.0,100.0
0.4,3.5,16.936824605153785,90.65628476084538,28.54141131150412,9.60181747724478,95.67697645566189,17.45219203949799,857.0,100.0
0.4,4.0,16.97799916977999,90.98998887652948,28.61640720657688,9.507879287735449,95.78639894806308,17.29867061846519,855.0,100.0
0.4,4.5,16.97799916977999,90.98998887652948,28.61640720657688,9.507879287735449,95.78639894806308,17.29867061846519,855.0,100.0
0.4,5.0,16.998341625207296,91.21245828698554,28.656299143805697,9.190172334654063,95.85782751949164,16.772331805514266,852.0,100.0
0.4,6.0,17.0287606041796,91.54616240266962,28.715980460572226,8.991101893149908,96.09134400300816,16.44360402182746,848.0,100.0
0.4,7.0,17.024793388429753,91.65739710789768,28.71580414706395,9.04608821773564,96.12705828872244,16.536043244418924,842.0,100.0
0.4,8.0,17.055062899566924,91.99110122358177,28.775226165622826,8.97780729563658,96.35027257443672,16.425139072550895,837.0,100.0
0.4,9.0,17.07869798104656,92.21357063403782,28.81974621936381,8.919792605081033,96.52884400300812,16.330552894962747,834.0,100.0
0.4,10.0,17.054104093807858,92.21357063403782,28.78472222222222,8.688097337412504,96.52884400300812,15.941387040565136,830.0,100.0
0.4,12.0,17.087179487179487,92.65850945494996,28.853481122272257,8.672953366991962,96.81158209824623,15.919723838562147,825.0,100.0
0.4,15.0,17.085632536276314,92.99221357063404,28.867403314917127,8.592025564223599,96.97527257443672,15.785456969121322,814.0,100.0
0.4,20.0,17.008321493809618,93.2146829810901,28.76759354617233,8.138427034228426,97.09432019348434,15.018044499451936,793.0,100.0
0.4,25.0,16.90197660346914,93.2146829810901,28.615332081270275,7.570560983227699,97.09432019348434,14.04594289671559,775.0,100.0
0.5,0.1,18.705242050988254,72.63626251390434,29.749430523918,12.198882148080273,88.19705712220909,21.433247469197795,1458.0,100.0
0.5,0.5,18.86845039018952,75.3058954393771,30.17606418542456,11.87297962689716,89.47271832777153,20.96404254562248,1415.0,100.0
0.5,1.0,18.852459016393443,79.3103448275862,30.4635761589404,11.178196410095916,90.99849384404858,19.91058889618749,1351.0,100.0
0.5,1.5,18.53918336292164,81.31256952169078,30.194134655101195,11.103570302521662,91.84147064941138,19.811896068288863,1257.0,100.0
0.5,2.0,18.81788330386461,82.8698553948832,30.671058048579663,10.712518186513623,92.52707721609696,19.20189620187769,1257.0,100.0
0.5,2.5,19.01408450704225,84.09343715239154,31.01538461538461,10.422891447577866,93.04277036286916,18.74582694403026,1256.0,100.0
0.5,3.0,19.178768152228344,85.20578420467186,31.31003474351114,9.873708125381134,93.58161462397786,17.86273580021829,1249.0,100.0
0.5,3.5,19.25,85.65072302558399,31.43498673198612,9.547073922856445,93.74826180658248,17.329370765608797,1248.0,100.0
0.5,4.0,19.32668329177057,86.20689655172413,31.5746587899776,9.51563004505742,93.93804144184084,17.28077189857943,1245.0,100.0
0.5,4.5,19.33715424869175,86.31813125695217,31.596091205211724,9.501484670655994,93.9705089743084,17.25799067091977,1243.0,100.0
0.5,5.0,19.39333664843361,86.76307007786428,31.700873806136965,9.267347218740907,94.12229468859408,16.873334113791365,1242.0,100.0
0.5,6.0,19.43550383758356,87.31924360400444,31.7942486836776,9.22000869842479,94.44509688639629,16.799956164683604,1238.0,100.0
0.5,7.0,19.43759250123335,87.65294771968854,31.81909953563497,9.299612359029478,94.57280251410192,16.934051339085475,1228.0,100.0
0.5,8.0,19.469026548672566,88.09788654060067,31.89047714918462,9.216040216983238,94.85554060934,16.7998308494657,1222.0,100.0
0.5,9.0,19.46555528315764,88.32035595105673,31.900361591000404,9.186461842110695,95.03411203791144,16.753453016679188,1215.0,100.0
0.5,10.0,19.43833943833944,88.54282536151278,31.87825390468562,8.74742623022224,95.1382787045781,16.02174380317151,1206.0,100.0
0.5,12.0,19.459985405010947,88.98776418242491,31.936127744510976,8.738181310608,95.34661203791144,16.00917783541568,1199.0,100.0
0.5,15.0,19.414893617021274,89.32146829810901,31.89672293942404,8.680232402025736,95.51030251410192,15.914144663477654,1185.0,100.0
0.5,20.0,19.262981574539364,89.54393770856507,31.705395825128,8.26180078993493,95.62935013314952,15.209584905954996,1158.0,100.0
0.5,25.0,19.084874348032244,89.54393770856507,31.463748290013683,8.199101032791058,95.62935013314952,15.1032726509369,1137.0,100.0
0.6,0.1,19.53879713306326,69.74416017797553,30.52580331061344,12.659392634891592,87.06463793298899,22.10471096950185,1494.0,100.0
0.6,0.5,19.93232851430329,72.08008898776419,31.228915662650603,12.39042789126505,88.24997311452478,21.729939812515106,1484.0,100.0
0.6,1.0,20.158683514545988,76.30700778642937,31.89214318921432,11.706304291974664,89.93221501143233,20.71604115822315,1437.0,100.0
0.6,1.5,20.41642567958357,78.53170189098999,32.40761992196465,11.390496128185928,90.8643599308493,20.243344519205937,1433.0,100.0
0.6,2.0,20.719424460431654,80.08898776418243,32.92181069958848,11.09844940010958,91.54996649753488,19.79694789966914,1433.0,100.0
0.6,2.5,21.018015441807265,81.75750834260289,33.43949044585987,10.712212578828415,92.21763532819764,19.19472209936296,1431.0,100.0
0.6,3.0,21.23969292010236,83.09232480533927,33.83152173913043,10.194108274325462,92.83246743125162,18.37087601690994,1425.0,100.0
0.6,3.5,21.33938706015891,83.64849833147943,34.004069635993666,9.868589949133328,93.03482889957054,17.844355176333483,1424.0,100.0
0.6,4.0,21.436651583710407,84.31590656284762,34.1826381059752,9.681388607852483,93.26260245580154,17.541800888523333,1420.0,100.0
0.6,4.5,21.468926553672315,84.53837597330367,34.24194638432079,9.675455799528432,93.33971284541194,17.533423045477214,1418.0,100.0
0.6,5.0,21.52112676056338,84.98331479421579,34.34479658350191,9.572828812658432,93.49149855969765,17.367369175514337,1416.0,100.0
0.6,6.0,21.55269058295964,85.53948832035594,34.43026639803,9.410211113843832,93.80399855969765,17.104533039809496,1412.0,100.0
0.6,7.0,21.540178571428573,85.87319243604004,34.441222395717155,9.487263573674776,93.94063275883184,17.234026309412904,1401.0,100.0
0.6,8.0,21.55555555555556,86.31813125695217,34.49655478995332,9.41408085730631,94.22337085406994,17.117874228295104,1394.0,100.0
0.6,9.0,21.53335178522004,86.54060066740823,34.48581560283688,9.376596375014552,94.40194228264136,17.05880466715259,1388.0,100.0
0.6,10.0,21.481685486091987,86.76307007786428,34.437086092715234,9.352008051659883,94.50610894930804,17.019794260601476,1380.0,100.0
0.6,12.0,21.450068399452803,87.20800889877643,34.431269213877904,8.964121364966278,94.71444228264136,16.378154283125664,1367.0,100.0
0.6,15.0,21.37425312330255,87.54171301446051,34.359310194280724,8.760644944654173,94.87813275883184,16.0402052693049,1352.0,100.0
0.6,20.0,21.152815013404823,87.76418242491657,34.08943616331821,8.18622862853114,94.99718037787946,15.07352092991652,1327.0,100.0
0.6,25.0,20.94935030495889,87.87541713014461,33.83297644539615,8.379582408175214,95.05670418740328,15.401471038925107,1304.0,100.0
0.7,0.1,19.758576874205843,69.18798665183537,30.73881887818137,12.661244698222582,86.81858206383282,22.099582350342114,1505.0,100.0
0.7,0.5,20.18897637795276,71.30144605116796,31.467844869906724,12.432794346371711,87.90825398006248,21.78460881786104,1500.0,100.0
0.7,1.0,20.868217054263567,74.86095661846495,32.63821532492726,11.870059627196424,89.40632157862402,20.95766763288683,1492.0,100.0
0.7,1.5,21.360418590335488,77.19688542825361,33.4619093539055,11.6386635982555,90.38198680751871,20.621815987464817,1490.0,100.0
0.7,2.0,21.653905053598773,78.64293659621802,33.957732949087415,11.355700467142723,91.01264831925928,20.19202976872075,1490.0,100.0
0.7,2.5,21.95863746958637,80.31145717463849,34.48770002388345,11.049002709893823,91.68489590450078,19.721370978190865,1487.0,100.0
0.7,3.0,22.15496368038741,81.42380422691879,34.83226266952177,10.631516279600524,92.18068038850714,19.06428295426293,1482.0,100.0
0.7,3.5,22.33273056057866,82.42491657397107,35.1434669196111,10.119497284691704,92.57807731781897,18.24470744641605,1479.0,100.0
0.7,4.0,22.432432432432435,83.09232480533927,35.3275005911563,9.93191897332222,92.80585087404998,17.943550701959595,1475.0,100.0
0.7,4.5,22.46550689862028,83.31479421579533,35.38861327663596,9.926320778378086,92.88296126366036,17.935852678589097,1473.0,100.0
0.7,5.0,22.51121076233184,83.75973303670744,35.48539114043356,9.823040550936032,93.03474697794609,17.769857084546416,1471.0,100.0
0.7,6.0,22.53269916765755,84.31590656284762,35.56181093126906,9.65899373648844,93.34724697794606,17.506521306375017,1467.0,100.0
0.7,7.0,22.514792899408285,84.6496106785317,35.56905819116616,9.737943393330314,93.48388117708026,17.638532294500475,1456.0,100.0
0.7,8.0,22.52650176678445,85.09454949944383,35.62281722933644,9.700388472814724,93.76661927231837,17.581887261387212,1449.0,100.0
0.7,9.0,22.499266647110588,85.31701890989989,35.60817084493964,9.664948147858476,93.9451907008898,17.52676730199644,1443.0,100.0
0.7,10.0,22.455526392534267,85.65072302558399,35.5822550831793,9.574127537805948,94.0940002246993,17.379844280730595,1435.0,100.0
0.7,12.0,22.41529105125977,86.09566184649611,35.56985294117647,9.18175606050881,94.30233355803264,16.73418640214721,1422.0,100.0
0.7,15.0,22.31476163124641,86.4293659621802,35.47135357224378,8.987170486141766,94.46602403422312,16.412876703897346,1406.0,100.0
0.7,20.0,22.04924992923861,86.65183537263627,35.15342960288809,8.395608991542936,94.58507165327072,15.422296164012105,1383.0,100.0
0.7,25.0,21.824286513710128,86.76307007786428,34.87592219986586,8.594890619862571,94.64459546279454,15.75869808403688,1360.0,100.0
0.8,0.1,19.806451612903224,68.29810901001112,30.707676919229808,12.765059281556551,86.34335952800998,22.24186635570478,1511.0,100.0
0.8,0.5,20.27546444586803,70.41156840934372,31.484705297189752,12.464637696537892,87.52231715852538,21.821526124560368,1509.0,100.0
0.8,1.0,21.02596580113996,73.85984427141268,32.73354695587873,11.884798370743004,88.98211945096443,20.96890776707149,1507.0,100.0
0.8,1.5,21.50267211568689,76.0845383759733,33.52941176470588,11.689322350040207,89.90511926017246,20.68872870000244,1505.0,100.0
0.8,2.0,21.770409759149203,77.41935483870968,33.984375,11.411872513133012,90.5000664861987,20.26799276534879,1504.0,100.0
0.8,2.5,22.1049363551692,79.19911012235818,34.56310679611651,11.077019148159092,91.21030799241284,19.75490720865064,1501.0,100.0
0.8,3.0,22.33189389265885,80.53392658509455,34.96739917894228,10.59271317332647,91.82514009546684,18.99429328164165,1494.0,100.0
0.8,3.5,22.50922509225092,81.42380422691879,35.26860997350036,10.162112712017093,92.1481322628739,18.30549240668908,1493.0,100.0
0.8,4.0,22.61029411764705,82.09121245828699,35.45520057650733,9.986980724726646,92.37590581910491,18.025212496318733,1489.0,100.0
0.8,4.5,22.643818849449204,82.31368186874305,35.51715862730981,9.98144774033715,92.4530162087153,18.01766542523839,1487.0,100.0
0.8,5.0,22.64266097039976,82.53615127919912,35.53639846743295,9.950866761510635,92.53337335157244,17.9693437390686,1485.0,100.0
0.8,6.0,22.66383495145631,83.09232480533927,35.61382598331347,9.78694480213151,92.84587335157244,17.707346518278158,1481.0,100.0
0.8,7.0,22.668276486568065,83.53726362625139,35.660018993352324,9.874322265869887,93.04203136023044,17.853858391832723,1470.0,100.0
0.8,8.0,22.679483328326825,83.98220244716352,35.714285714285715,9.837280882798366,93.32476945546856,17.798443661124093,1463.0,100.0
0.8,9.0,22.627955701885664,84.09343715239154,35.660377358490564,9.833414706938594,93.44381707451618,17.7942764197525,1457.0,100.0
0.8,10.0,22.61904761904762,84.53837597330367,35.68912890349847,9.71353437035591,93.6521504078495,17.601458042799052,1449.0,100.0
0.8,12.0,22.61023971589228,84.98331479421579,35.71762505843852,9.320620661851155,93.86048374118285,16.957328944110216,1437.0,100.0
0.8,15.0,22.525697503671072,85.31701890989989,35.641263940520446,9.113372504235231,94.02417421737331,16.616205276996514,1424.0,100.0
0.8,20.0,22.24472085623373,85.53948832035594,35.30762167125803,8.511661545001042,94.14322183642092,15.6118289677505,1400.0,100.0
0.8,25.0,22.00628751071735,85.65072302558399,35.01591632560255,8.727929377583104,94.20274564594474,15.975702306125807,1376.0,100.0
0.9,0.1,20.43085476025017,65.40600667408232,31.13582208101668,12.774188654163044,85.16389777901936,22.216070098434333,1510.0,100.0
0.9,0.5,20.910973084886127,67.40823136818688,31.91993679220437,12.521615331066627,86.315644525181,21.8705233101236,1509.0,100.0
0.9,1.0,21.733196861139543,70.85650723025584,33.26370757180157,12.05023808925125,87.80563389245,21.192119661736992,1509.0,100.0
0.9,1.5,22.2673434856176,73.1924360400445,34.14634146341464,11.828483442335054,88.75174667024972,20.87484915857259,1507.0,100.0
0.9,2.0,22.65546218487395,74.972191323693,34.79607640681466,11.521957918763782,89.5375952568202,20.41664290567302,1506.0,100.0
0.9,2.5,23.025658113962013,76.86318131256952,35.43589743589743,11.151182001921326,90.28355104874862,19.85056359386163,1502.0,100.0
0.9,3.0,23.252732692944683,78.08676307007786,35.83460949464013,10.733352564496183,90.83035594091824,19.19808262654337,1497.0,100.0
0.9,3.5,23.467369808833222,79.19911012235818,36.20645817442156,10.214365152432247,91.27239572737294,18.372634424717365,1494.0,100.0
0.9,4.0,23.571897570584373,79.86651835372636,36.40050697084918,10.082956355697474,91.50016928360394,18.164280880693205,1490.0,100.0
0.9,4.5,23.60655737704918,80.08898776418243,36.46492782983034,10.079174588605955,91.57727967321432,18.159661319656863,1488.0,100.0
0.9,5.0,23.62565445026178,80.31145717463849,36.51074589127686,10.046948215950705,91.65763681607146,18.108908863794955,1487.0,100.0
0.9,6.0,23.65766352098926,80.86763070077865,36.6062437059416,9.882652087282926,91.97013681607146,17.847500777528754,1483.0,100.0
0.9,7.0,23.63224344448041,81.20133481646273,36.609829488465394,9.938160571344753,92.10677101520568,17.940565314227587,1477.0,100.0
0.9,8.0,23.639291465378424,81.64627363737486,36.663336663336665,9.903773112167134,92.38950911044375,17.889830422746584,1470.0,100.0
0.9,9.0,23.61244786653834,81.86874304783093,36.65338645418327,9.897921302957249,92.56808053901518,17.883621101056196,1466.0,100.0
0.9,10.0,23.58941664010201,82.31368186874305,36.66997026759167,9.778437942128544,92.77641387234851,17.69215964906554,1458.0,100.0
0.9,12.0,23.56667722521381,82.75862068965517,36.68639053254438,9.371509035692576,92.98474720568186,17.026949414107182,1446.0,100.0
0.9,15.0,23.453689167974883,83.09232480533927,36.581782566111656,9.165022411433352,93.14843768187234,16.688078346012666,1433.0,100.0
0.9,20.0,23.10302282541641,83.31479421579533,36.17483699589471,8.52732750113348,93.26748530091994,15.625990568196295,1410.0,100.0
0.9,25.0,22.851919561243143,83.42602892102336,35.87658454915092,8.732373839211933,93.32700911044375,15.970434256886366,1389.0,100.0
1.0,0.1,93.76623376623375,40.155728587319246,56.230529595015575,86.3623348731806,70.81094753777126,77.81728128518239,17.0,100.0
1.0,0.5,93.34916864608076,43.71523915461624,59.54545454545455,87.57708558168073,72.54131177839386,79.35323828575727,17.0,100.0
1.0,1.0,93.61702127659576,48.9432703003337,64.28049671292915,87.12854382054854,74.73997823351928,80.46018319103297,17.0,100.0
1.0,1.5,93.34637964774952,53.05895439377085,67.65957446808511,87.3739835220625,76.50233530400705,81.57754374927131,17.0,100.0
1.0,2.0,92.57884972170687,55.50611790878754,69.4019471488178,86.71217498850307,77.53992075553626,81.86994688489654,17.0,100.0
1.0,2.5,91.1149825783972,58.175750834260285,71.01154107264087,83.26152847864103,78.56239005422135,80.84373108937288,19.0,100.0
1.0,3.0,89.51747088186356,59.84427141268076,71.73333333333333,84.09320785900076,79.25661135976485,81.60330663544534,18.0,100.0
1.0,3.5,88.73015873015872,62.18020022246941,73.11968606932636,81.00280577243927,80.17047232149815,80.58448987254678,18.0,100.0
1.0,4.0,87.53846153846155,63.29254727474972,73.46675274370563,80.82747350586965,80.55459086253158,80.69080147412349,18.0,100.0
1.0,4.5,86.9894099848714,63.95995550611791,73.71794871794873,81.50186370927469,80.89227401271472,81.19592473226149,17.0,100.0
1.0,5.0,86.14008941877795,64.29365962180201,73.63057324840764,82.16181675442445,81.01727401271475,81.58553145604543,16.0,100.0
1.0,6.0,84.1654778887304,65.62847608453838,73.75,80.16971131585589,81.69286925080999,80.92412367914717,18.0,100.0
1.0,7.0,82.04419889502762,66.0734149054505,73.19778188539742,79.08496365438369,81.91608353652427,80.47563170832996,18.0,100.0
1.0,8.0,79.76031957390146,66.62958843159066,72.60606060606061,77.82770239837443,82.25834544128617,79.98171127566607,18.0,100.0
1.0,9.0,77.66367137355584,67.29699666295885,72.10965435041716,78.5020634288539,82.63036925080998,80.51333155221913,18.0,100.0
1.0,10.0,75.36945812807882,68.07563959955506,71.53711279953244,77.94403093394114,82.97263115557189,80.37975987673504,17.0,100.0
1.0,12.0,72.72727272727273,68.52057842046719,70.56128293241696,72.3394565637819,83.18096448890522,77.3823235154452,17.0,100.0
1.0,15.0,69.42889137737961,68.96551724137932,69.19642857142857,71.75014610877787,83.40417877461948,77.13948054827232,16.0,100.0
1.0,20.0,63.32320162107396,69.52169076751946,66.2778366914104,56.7705685763424,83.70179782223855,67.65456829776227,16.0,100.0
1.0,25.0,59.168241965973536,69.6329254727475,63.97547266223812,58.76373793201689,83.76132163176236,69.07035672566244,15.0,100.0
1.2,0.1,97.72727272727272,38.26473859844272,54.99600319744204,97.5856392841004,69.79362342318268,81.38230805348971,1.0,92.85714285714286
1.2,0.5,96.89922480620154,41.71301446051168,58.320373250388805,98.13781852469914,71.46904260886025,82.70674767289262,1.0,92.85714285714286
1.2,1.0,97.00460829493088,46.82981090100111,63.16579144786196,97.94155929449336,73.61962239887771,84.05655103617761,1.0,92.85714285714286
1.2,1.5,96.20253164556962,50.723025583982206,66.42388929351785,97.78630257292012,75.32245565984167,85.09684333573684,1.0,92.85714285714286
1.2,2.0,95.2286282306163,53.281423804226925,68.33095577746077,97.27902680812454,76.41106151953416,85.59145514364211,1.0,92.85714285714286
1.2,2.5,93.45794392523364,55.61735261401557,69.7350069735007,92.90440976699838,77.31448319917166,84.39552511350317,3.0,92.85714285714286
1.2,3.0,91.63701067615658,57.28587319243604,70.49965776865162,94.05561020617604,78.00870450471515,85.28388138949575,2.0,92.85714285714286
1.2,3.5,90.66213921901527,59.39933259176863,71.7741935483871,89.6145142871975,78.86304165692464,83.89572288952579,3.0,92.85714285714286
1.2,4.0,89.42148760330578,60.17797552836485,71.94148936170212,90.12869681223307,79.14001734081522,84.27767250805634,3.0,92.85714285714286
1.2,4.5,88.59934853420195,60.51167964404895,71.91011235955057,90.54857181555649,79.36323162652948,84.58773472908086,2.0,92.85714285714286
1.2,5.0,87.66025641025641,60.84538375973304,71.83191070256073,91.49111768561646,79.4882316265295,85.06836859096329,1.0,92.85714285714286
1.2,6.0,85.40706605222735,61.84649610678533,71.74193548387096,88.84222337940687,80.06858876938665,84.22754421259263,3.0,92.85714285714286
1.2,7.0,83.03571428571429,62.06896551724138,71.03755569700827,87.26646024235048,80.23227924557713,83.60166802857586,3.0,92.85714285714286
1.2,8.0,80.51575931232091,62.5139043381535,70.38196618659988,85.48280660406195,80.51501734081522,82.92457687099706,3.0,92.85714285714286
1.2,9.0,78.1767955801105,62.95884315906562,69.74738139248305,86.17868291544934,80.7084697217676,83.35392522230936,3.0,92.85714285714286
1.2,10.0,75.66137566137566,63.62625139043382,69.1238670694864,85.44103385116605,80.9912078170057,83.15663430811043,2.0,92.85714285714286
1.2,12.0,72.81921618204804,64.07119021134594,68.16568047337277,78.58606321752248,81.19954115033902,79.87142896031544,2.0,92.85714285714286
1.2,15.0,69.377990430622,64.51612903225806,66.85878962536023,77.80084631664778,81.42275543605331,79.57060652600039,1.0,92.85714285714286
1.2,20.0,62.93103448275862,64.96106785317018,63.92993979200876,58.98968501220253,81.66085067414853,68.49810895621057,2.0,92.85714285714286
1.2,25.0,58.6,65.18353726362626,61.716692996313846,61.46111208707785,81.77989829319617,70.17939181138497,1.0,92.85714285714286
1.39,2.16,94.33198380566802,51.83537263626251,66.90595836324479,96.79596546433676,75.38511640335349,84.75931321550475,1.0,92.85714285714286
1.4,0.1,98.23529411764706,37.1523915461624,53.91444713478612,98.43835612464012,68.99948088891857,81.13095096431103,0.0,92.85714285714286
1.4,0.5,97.04301075268818,40.155728587319246,56.80566483084186,98.8768594822274,70.47435062404668,82.29386089868784,0.0,92.85714285714286
1.4,1.0,97.12230215827336,45.05005561735261,61.55015197568389,98.69261894344662,72.49005338633,83.58595082877106,0.0,92.85714285714286
1.4,1.5,96.25550660792952,48.60956618464961,64.59719142645972,98.4984583657656,74.0143152187225,84.51891178332448,0.0,92.85714285714286
1.4,2.0,95.21829521829522,50.94549499443827,66.3768115942029,98.00961677967362,74.98387345936737,84.96436128611721,0.0,92.85714285714286
1.4,2.5,93.37231968810916,53.281423804226925,67.84702549575071,93.45162163271752,75.88729513900488,83.75854679194326,2.0,92.85714285714286
1.4,3.0,91.65120593692022,54.94994438264739,68.70653685674549,94.79210313579944,76.58151644454836,84.71925869201877,1.0,92.85714285714286
1.4,3.5,90.69767441860463,56.39599555061179,69.54732510288066,90.99132955786774,77.22156788247213,83.54285835497679,3.0,92.85714285714286
1.4,4.0,89.39130434782608,57.17463848720801,69.74219810040707,91.63265271373322,77.49854356636273,83.97501211634676,3.0,92.85714285714286
1.4,4.5,88.52739726027397,57.50834260289211,69.72353337828724,92.05337973445911,77.721757852077,84.28266459852141,2.0,92.85714285714286
1.4,5.0,87.54208754208754,57.8420467185762,69.6584058941728,93.05644206357036,77.84675785207699,84.77480018483077,1.0,92.85714285714286
1.4,6.0,85.29886914378028,58.73192436040044,69.56521739130434,90.35987992844224,78.36759118541033,83.93756017378668,3.0,92.85714285714286
1.4,7.0,82.6086956521739,59.17686318131257,68.95657809462087,88.52915006540788,78.65032928064842,83.29786443666801,3.0,92.85714285714286
1.4,8.0,80.0599700149925,59.39933259176863,68.19923371647509,86.69466085198826,78.75449594731509,82.53404790698231,3.0,92.85714285714286
1.4,9.0,77.63347763347764,59.84427141268076,67.58793969849246,87.4027527487228,78.94794832826747,82.9604920578114,3.0,92.85714285714286
1.4,10.0,75.0,60.40044493882091,66.91312384473198,82.85947132304656,79.17116261398176,80.97333842160972,2.0,92.85714285714286
1.4,12.0,72.25891677675033,60.84538375973304,66.06280193236715,79.6223099208086,79.37949594731509,79.50071753168419,2.0,92.85714285714286
1.4,15.0,68.875,61.29032258064516,64.86168334314303,78.90670619976245,79.60271023302938,79.25318016328328,1.0,92.85714285714286
1.4,20.0,62.304250559284114,61.95773081201335,62.130507529280536,59.19377553052912,79.95985309017225,68.0273398859771,3.0,92.85714285714286
1.4,25.0,57.82383419689119,62.06896551724138,59.871244635193136,61.70522897171945,80.01937689969606,69.67899389679563,2.0,92.85714285714286
1.6,0.1,98.18731117824774,36.15127919911012,52.84552845528455,98.34751123077776,64.59793385439283,77.97758350237085,0.0,92.85714285714286
1.6,0.5,96.94444444444444,38.82091212458287,55.44082605242255,98.79034606417486,65.8942321609495,79.0567528419629,0.0,92.85714285714286
1.6,1.0,97.01492537313432,43.38153503893214,59.95388162951576,98.58761708917326,71.63246239576027,82.97580162336715,0.0,92.85714285714286
1.6,1.5,96.12756264236904,46.941045606229146,63.07922272047832,98.3826408437984,73.1567242281528,83.91486959309049,0.0,92.85714285714286
1.6,2.0,95.08547008547008,49.49944382647386,65.10607168983175,97.85884369516737,74.24533008784529,84.4321435379355,0.0,92.85714285714286
1.6,2.5,93.50912778904666,51.27919911012236,66.23563218390804,93.33091488059036,74.9225612912923,83.11972328429037,2.0,92.85714285714286
1.6,3.0,92.03883495145632,52.72525027808677,67.04384724186704,93.86717817778629,75.56916354921673,83.73013802493017,2.0,92.85714285714286
1.6,3.5,90.96045197740112,53.726362625139046,67.55244755244755,91.03273014695036,76.01875828072636,82.8510439961945,3.0,92.85714285714286
1.6,4.0,89.39670932358318,54.39377085650723,67.63485477178423,91.92343532144832,76.27926993219546,83.37383783935982,3.0,92.85714285714286
1.6,4.5,88.64864864864866,54.72747497219133,67.67537826685007,92.42051004367704,76.48095432935858,83.69860893728202,2.0,92.85714285714286
1.6,5.0,87.45583038869258,55.06117908787542,67.57679180887372,93.36305580804878,76.6297638531681,84.17283663438374,1.0,92.85714285714286
1.6,6.0,85.13513513513513,56.0622914349277,67.6056338028169,90.51464304539014,77.18859110747408,83.32215900977918,3.0,92.85714285714286
1.6,7.0,82.41042345276874,56.284760845383765,66.88697951090549,88.63198994551693,77.29275777414075,82.57491452056978,3.0,92.85714285714286
1.6,8.0,79.74882260596546,56.50723025583982,66.14583333333334,86.6810977635458,77.39692444080742,81.77634376523342,3.0,92.85714285714286
1.6,9.0,77.2590361445783,57.06340378197999,65.64299424184262,87.29619589738942,77.62837074273244,82.1789209164932,3.0,92.85714285714286
1.6,10.0,74.56896551724138,57.73081201334816,65.07836990595611,82.46591097235762,77.91110883797054,80.1238303690686,2.0,92.85714285714286
1.6,12.0,71.84065934065934,58.175750834260285,64.2901044867855,79.05412087613828,78.11944217130389,78.58400235315214,2.0,92.85714285714286
1.6,15.0,68.44155844155844,58.620689655172406,63.15158777711204,78.36003362578606,78.34265645701818,78.35134407790241,1.0,92.85714285714286
1.6,20.0,61.7169373549884,59.17686318131257,60.42021578648495,57.55121477469311,78.6402755046372,66.46293944248434,3.0,92.85714285714286
1.6,25.0,57.12754555198285,59.288097886540605,58.18777292576419,53.19760853266059,78.69979931416104,63.48329635675363,2.0,92.85714285714286
1.8,0.1,98.41772151898736,34.59399332591769,51.193415637860085,99.2810758391432,63.91113040961065,77.76309826328337,0.0,92.85714285714286
1.8,0.5,97.08454810495628,37.04115684093437,53.62318840579711,98.92282555135996,65.10991098567087,78.53135297350909,0.0,92.85714285714286
1.8,1.0,97.14285714285714,41.60177975528365,58.25545171339564,98.64564366098412,66.89209726443768,79.72337853101938,0.0,92.85714285714286
1.8,1.5,96.22641509433964,45.38375973303671,61.67800453514739,98.42171145932934,68.53243052540165,80.8015784764956,0.0,92.85714285714286
1.8,2.0,95.10022271714922,47.4972191323693,63.353115727002965,97.8317755698718,69.42323418729191,81.21488589438076,0.0,92.85714285714286
1.8,2.5,94.04255319148936,49.165739710789765,64.572680788897,94.46743229274664,70.00752641482124,80.41870098089889,1.0,92.85714285714286
1.8,3.0,92.27642276422765,50.50055617352614,65.27677929547089,94.89718893756267,70.61613475177305,80.97562821175062,1.0,92.85714285714286
1.8,3.5,91.1242603550296,51.39043381535039,65.71834992887624,91.75372003574526,71.02773556231003,80.07127027601048,2.0,92.85714285714286
1.8,4.0,89.48374760994264,52.05784204671857,65.82278481012658,92.74547384205655,71.28824721377913,80.61345221768225,2.0,92.85714285714286
1.8,4.5,88.70056497175142,52.39154616240267,65.87412587412588,93.34446587327548,71.48993161094226,80.96840930521593,1.0,92.85714285714286
1.8,5.0,87.61552680221811,52.72525027808677,65.83333333333333,94.4575569967162,71.63874113475178,81.48068981709348,0.0,92.85714285714286
1.8,6.0,85.00881834215167,53.61512791991101,65.75716234652114,91.28571376998998,72.15957446808511,80.6035870677782,2.0,92.85714285714286
1.8,7.0,82.20338983050848,53.9488320355951,65.1443922095366,89.2518327147134,72.30173505572441,79.88758714814183,2.0,92.85714285714286
1.8,8.0,79.47882736156352,54.2825361512792,64.50760079312624,87.15486604080006,72.44389564336373,79.12139108905826,2.0,92.85714285714286
1.8,9.0,76.875,54.72747497219133,63.93762183235867,87.90208131817461,72.63734802431611,79.54399861666937,2.0,92.85714285714286
1.8,10.0,74.10714285714286,55.39488320355951,63.3991088478676,82.77385055977861,72.92008611955421,77.53514928070263,1.0,92.85714285714286
1.8,12.0,71.30681818181817,55.83982202447163,62.63256394260761,79.15399683459795,73.12841945288754,76.02199680054197,1.0,92.85714285714286
1.8,15.0,68.19407008086253,56.284760845383765,61.66971358927484,78.61596985055237,73.35163373860183,75.89262040444837,0.0,92.85714285714286
1.8,20.0,61.418269230769226,56.84093437152391,59.04101675332178,56.37399809334804,73.64925278622088,63.86400598447626,3.0,92.85714285714286
1.8,25.0,56.69988925802879,56.95216907675194,56.82574916759157,51.82512820469631,73.70877659574468,60.85952321738608,2.0,92.85714285714286
2.0,0.1,98.37662337662336,33.70411568409344,50.20712510356256,99.25964141778331,63.40289839339991,77.3792044152547,0.0,92.85714285714286
2.0,0.5,97.01492537313432,36.15127919911012,52.6742301458671,98.89086641874336,64.60167896946011,78.15054796812008,0.0,92.85714285714286
2.0,1.0,97.06666666666666,40.48943270300334,57.14285714285714,98.62062669595046,66.28634751773049,79.28350107392613,0.0,92.85714285714286
2.0,1.5,96.12590799031476,44.16017797552836,60.518292682926834,98.3945936820277,67.86715696917065,80.32829328671345,0.0,92.85714285714286
2.0,2.0,94.94252873563218,45.93993325917686,61.91904047976012,97.82057930702838,68.63732993197277,80.67076423978165,0.0,92.85714285714286
2.0,2.5,93.81898454746135,47.27474972191324,62.8698224852071,94.6593412642161,69.14107504704009,79.91247843736755,1.0,92.85714285714286
2.0,3.0,91.9831223628692,48.49833147942158,63.51056081573198,95.1588625478042,69.69866297582863,80.46275678124047,1.0,92.85714285714286
2.0,3.5,90.79754601226992,49.38820912124583,63.97694524495677,92.19380184825316,70.1102637863656,79.64965932030557,2.0,92.85714285714286
2.0,4.0,89.0873015873016,49.94438264738598,64.00570206699929,93.1227181041904,70.33506115212042,80.1404754464389,2.0,92.85714285714286
2.0,4.5,88.28125,50.27808676307007,64.06803685329554,93.6818191103184,70.53674554928354,80.47824131060767,1.0,92.85714285714286
2.0,5.0,87.16475095785441,50.61179087875417,64.03940886699507,94.71978096196209,70.68555507309307,80.9565211642158,0.0,92.85714285714286
2.0,6.0,84.46069469835467,51.39043381535039,63.90041493775933,91.72345888830596,71.08734078737878,80.0975954074124,2.0,92.85714285714286
2.0,7.0,81.57894736842105,51.72413793103448,63.30837304288631,89.7912262209689,71.22950137501809,79.4405088967001,2.0,92.85714285714286
2.0,8.0,78.78787878787878,52.05784204671857,62.69256530475552,87.81173071830071,71.3716619626574,78.7427514344235,2.0,92.85714285714286
2.0,9.0,76.25201938610662,52.50278086763071,62.1870882740448,88.82858330904179,71.56511434360978,79.26779935280518,2.0,92.85714285714286
2.0,10.0,73.42549923195084,53.17018909899889,61.67741935483871,83.81427043279824,71.84785243884787,77.37110638393155,1.0,92.85714285714286
2.0,12.0,70.5710102489019,53.61512791991101,60.93552465233881,80.41208270912055,72.05618577218121,76.0051652416709,1.0,92.85714285714286
2.0,15.0,67.5,54.06006674082313,60.03705991352687,75.33434343674647,72.27940005789549,73.77525992437332,0.0,92.85714285714286
2.0,20.0,60.69221260815822,54.61624026696329,57.494145199063226,59.68869357907411,72.57701910551454,65.50491985178596,2.0,92.85714285714286
2.0,25.0,56.10034207525656,54.72747497219133,55.4054054054054,54.76622737824884,72.63654291503833,62.44808360284957,2.0,92.85714285714286
2.5,0.1,98.50746268656717,29.36596218020022,45.24421593830334,99.44307065064282,57.79178426689825,73.10074460136433,0.0,92.85714285714286
2.5,0.5,96.89655172413794,31.25695216907675,47.26661059714045,98.9720412464098,58.72182117527862,73.71014214722726,0.0,92.85714285714286
2.5,1.0,96.8944099378882,34.705228031145715,51.10565110565111,98.59563484788772,60.10063865971921,74.67926615346113,0.0,92.85714285714286
2.5,1.5,96.02272727272728,37.59733036707453,54.036770583533176,98.38292674189816,61.37312744246636,75.59109959144571,0.0,92.85714285714286
2.5,2.0,94.38502673796792,39.265850945495,55.459544383346426,97.49655513556844,62.14558004052685,75.90702747955197,0.0,92.85714285714286
2.5,2.5,93.04123711340206,40.155728587319246,56.099456099456106,93.63274642946972,62.48223331885947,74.94967002043053,1.0,92.85714285714286
2.5,3.0,90.95354523227384,41.37931034482759,56.88073394495413,94.24039478592418,63.04210088290636,75.54702702389196,1.0,92.85714285714286
2.5,3.5,89.83451536643025,42.26918798665184,57.48865355521936,89.22381269400084,63.45370169344334,74.16391624335203,3.0,92.85714285714286
2.5,4.0,87.89954337899543,42.82536151279199,57.59162303664922,91.78448343078956,63.67849905919815,75.19086599503439,2.0,92.85714285714286
2.5,4.5,86.93693693693693,42.93659621802002,57.48324646314222,92.45365084394336,63.723141916341,75.44574336924956,1.0,92.85714285714286
2.5,5.0,85.49450549450549,43.270300333704114,57.459379615952734,93.61589952056607,63.87195144015053,75.9351296208252,0.0,92.85714285714286
2.5,6.0,82.5,44.048943270300335,57.432922407541696,89.96357070385231,64.19268345636127,74.92401846757957,2.0,92.85714285714286
2.5,7.0,79.2828685258964,44.27141268075639,56.81655960028551,87.63275544490016,64.29685012302794,74.17264227924956,2.0,92.85714285714286
2.5,8.0,76.14503816793892,44.38264738598443,56.078706957132816,85.24008866734339,64.34149298017078,73.33088079711656,2.0,92.85714285714286
2.5,9.0,73.49177330895796,44.71635150166852,55.60165975103735,87.44228000648665,64.47542155159937,74.22279045862952,1.0,92.85714285714286
2.5,10.0,71.40350877192982,45.27252502780868,55.41184479237577,86.39252675439984,64.69863583731366,73.98816094429661,1.0,92.85714285714286
2.5,12.0,68.28046744574291,45.49499443826474,54.606141522029375,80.70071042650001,64.78792155159937,71.87408700162173,2.0,92.85714285714286
2.5,15.0,64.87341772151899,45.60622914349277,53.55976485956892,74.77624021251164,64.83256440874221,69.45028177804765,1.0,92.85714285714286
2.5,20.0,57.34265734265735,45.60622914349277,50.805452292441146,56.05885747883214,64.83256440874221,60.12733461861027,3.0,92.85714285714286
2.5,25.0,52.97157622739018,45.60622914349277,49.01374775851763,48.85091522195948,64.83256440874221,55.71838789315821,2.0,92.85714285714286
3.0,0.1,98.4189723320158,27.697441601779754,43.22916666666667,99.40089453010452,53.08921334491244,69.21255902984942,0.0,92.85714285714286
3.0,0.5,96.71532846715328,29.477196885428253,45.18329070758738,98.90077540022487,53.870440729483285,69.74911235601134,0.0,92.85714285714286
3.0,1.0,96.73202614379085,32.92547274749722,49.12863070539419,98.51657606532794,55.391418801563184,70.91214369273219,0.0,92.85714285714286
3.0,1.5,95.7957957957958,35.483870967741936,51.78571428571429,98.26212999716071,60.39535388623535,74.8099108789012,0.0,92.85714285714286
3.0,2.0,94.0340909090909,36.81868743047831,52.91766586730616,97.30513092880672,61.00624185844551,74.99423758377634,0.0,92.85714285714286
3.0,2.5,92.6027397260274,37.59733036707453,53.48101265822785,93.19910417205628,61.304901215805465,73.960048612673,1.0,92.85714285714286
3.0,3.0,91.05263157894736,38.487208008898776,54.10476935105552,94.7975315157332,61.64820343030829,74.7108575326598,1.0,92.85714285714286
3.0,3.5,89.34010152284264,39.15461624026697,54.44702242846095,88.73155736323876,61.90276270082501,72.92798264293543,3.0,92.85714285714286
3.0,4.0,87.04156479217605,39.59955506117909,54.43425076452599,91.02609817041296,62.068036257056015,73.80832953147828,2.0,92.85714285714286
3.0,4.5,86.0576923076923,39.822024471635146,54.448669201520914,91.76616867093053,62.15067303517152,74.10922783417917,1.0,92.85714285714286
3.0,5.0,84.47058823529412,39.93325917686318,54.229607250755286,92.95174427767918,62.195315892314376,74.52494545185067,0.0,92.85714285714286
3.0,6.0,81.16591928251121,40.26696329254728,53.82899628252788,89.27421452424612,62.32924446374295,73.40722142535301,2.0,92.85714285714286
3.0,7.0,77.73019271948608,40.3781979977753,53.14787701317716,86.80793103593115,62.37388732088581,72.58991971855095,2.0,92.85714285714286
3.0,8.0,74.59016393442623,40.48943270300334,52.4873828406633,84.39438118101232,62.41853017802866,71.76171604853437,2.0,92.85714285714286
3.0,9.0,72.24409448818898,40.82313681868743,52.16773276474769,87.88493316066813,62.55245874945724,73.0858011619316,0.0,92.85714285714286
3.0,10.0,70.05649717514125,41.37931034482759,52.02797202797203,83.3967284253235,62.77567303517152,71.6316582818954,0.0,92.85714285714286
3.0,12.0,66.7262969588551,41.490545050055616,51.16598079561042,81.05666648273834,62.82031589231438,70.78276607650777,1.0,92.85714285714286
3.0,15.0,63.11336717428088,41.490545050055616,50.06711409395973,74.73242748350177,62.82031589231438,68.26057535015998,0.0,92.85714285714286
3.0,20.0,55.50595238095239,41.490545050055616,47.48567791215786,54.68959231227705,62.82031589231438,58.473664350031264,3.0,92.85714285714286
3.0,25.0,51.73370319001387,41.490545050055616,46.04938271604938,53.81765814789461,62.82031589231438,57.97155366004279,3.0,92.85714285714286
3.5,0.1,98.30508474576273,25.806451612903224,40.88105726872247,99.34537301392209,48.0608445505862,64.7818336041711,0.0,78.57142857142857
3.5,0.5,96.49805447470816,27.58620689655172,42.90657439446367,98.79083122482255,52.80040526849038,68.81922789397875,0.0,78.57142857142857
3.5,1.0,96.5277777777778,30.923248053392665,46.840775063184495,98.3480605550699,54.27036293240701,69.94417604451199,0.0,78.57142857142857
3.5,1.5,95.52715654952075,33.25917686318131,49.339933993399335,98.06086562104814,55.18868504848747,70.62794252509215,0.0,78.57142857142857
3.5,2.0,93.88379204892966,34.14905450500556,50.08156606851549,97.14382723062664,55.545013750180914,70.67779393189048,0.0,78.57142857142857
3.5,2.5,92.39766081871343,35.15016685205784,50.92667203867849,92.56836918511952,55.881667028513526,69.6917955173972,1.0,78.57142857142857
3.5,3.0,90.70422535211269,35.81757508342603,51.35566188197768,94.34202359709306,56.14898140107106,70.39900528748821,1.0,78.57142857142857
3.5,3.5,88.5558583106267,36.15127919911012,51.34281200631912,87.18372802713797,56.262963163989,68.39077064460747,3.0,78.57142857142857
3.5,4.0,86.05263157894737,36.373748609566185,51.133698201720094,89.87119241674195,56.345599942104506,69.26490688984484,2.0,78.57142857142857
3.5,4.5,84.97409326424871,36.48498331479422,51.050583657587545,90.65945650880596,56.39024279924736,69.53171327293416,1.0,78.57142857142857
3.5,5.0,83.29113924050633,36.59621802002225,50.8500772797527,91.88401659125994,56.43488565639021,69.92317083522333,0.0,78.57142857142857
3.5,6.0,80.0,36.92992213570634,50.532724505327245,88.01742696087408,56.568814227818784,68.87296375679864,2.0,78.57142857142857
3.5,7.0,76.55172413793103,37.04115684093437,49.92503748125937,82.59421716982023,56.61345708496165,67.17940220237533,2.0,78.57142857142857
3.5,8.0,73.24561403508771,37.1523915461624,49.298892988929886,80.05593341840441,56.6580999421045,66.35481325633441,2.0,78.57142857142857
3.5,9.0,70.7983193277311,37.4860956618465,49.018181818181816,83.64646065090304,56.79202851353308,67.65171295427446,0.0,78.57142857142857
3.5,10.0,68.5370741482966,38.04226918798665,48.927038626609445,82.40094159268841,57.01524279924735,67.39690534903899,0.0,78.57142857142857
3.5,12.0,65.0190114068441,38.04226918798665,48.0,79.85409868119555,57.01524279924735,66.52915511358665,1.0,78.57142857142857
3.5,15.0,61.29032258064516,38.04226918798665,46.94577899794098,73.02914991189465,57.01524279924735,64.03620528103802,0.0,78.57142857142857
3.5,20.0,54.7923322683706,38.15350389321468,44.98360655737705,47.0986822946786,57.05323672022,51.60024501870864,1.0,78.57142857142857
3.5,25.0,50.96582466567608,38.15350389321468,43.63867684478372,46.40281041924784,57.05323672022,51.17981211410232,1.0,78.57142857142857
4.0,0.1,98.19004524886876,24.13793103448276,38.75,99.2676547533738,47.28317231147778,64.05545050364009,0.0,64.28571428571429
4.0,0.5,96.218487394958,25.47274749721913,40.28144239226034,98.61190879252052,47.91559017223911,64.49366625633903,0.0,64.28571428571429
4.0,1.0,96.18320610687024,28.03114571746385,43.41085271317829,98.03275321152265,48.9526885222174,65.29853264831857,0.0,64.28571428571429
4.0,1.5,95.01779359430606,29.69966629588432,45.2542372881356,97.64864213075168,49.65951114488348,65.8372768152387,0.0,64.28571428571429
4.0,2.0,93.19727891156462,30.47830923248053,45.93461860854988,96.72952416864446,50.07563504125054,65.98940222608172,0.0,64.28571428571429
4.0,2.5,91.53094462540716,31.25695216907675,46.60033167495854,91.62373845392337,50.37429439861051,65.00767767075254,1.0,64.28571428571429
4.0,3.0,89.6875,31.92436040044494,47.08777686628384,93.61659903093226,50.63495983499783,65.7223085710435,1.0,64.28571428571429
4.0,3.5,88.18181818181819,32.36929922135706,47.35557363710334,86.76079655832658,50.78693551888841,64.06961298208189,3.0,64.28571428571429
4.0,4.0,86.1764705882353,32.59176863181313,47.29620661824052,88.65288147794189,50.86957229700391,64.64528169715578,3.0,64.28571428571429
4.0,4.5,84.97109826589595,32.70300333704116,47.2289156626506,89.51769309225074,50.91421515414677,64.91007838766801,2.0,64.28571428571429
4.0,5.0,83.56940509915015,32.81423804226919,47.12460063897764,91.17964036802394,50.95885801128962,65.37863281255557,1.0,64.28571428571429
4.0,6.0,80.3234501347709,33.14794215795328,46.92913385826772,81.66508809228988,51.0927865827182,62.858748339750704,3.0,64.28571428571429
4.0,7.0,76.66666666666667,33.25917686318131,46.39255236617533,79.14745957211153,51.13742943986105,62.13149751912014,3.0,64.28571428571429
4.0,8.0,73.17073170731707,33.37041156840934,45.836516424751714,76.58673066411865,51.18207229700391,61.35875886752768,3.0,64.28571428571429
4.0,9.0,70.62937062937063,33.70411568409344,45.63253012048193,80.604079331952,51.31600086843248,62.70886128502512,1.0,64.28571428571429
4.0,10.0,68.15144766146993,34.03781979977753,45.40059347181009,79.28239148786118,51.44992943986105,62.40344268238134,1.0,64.28571428571429
4.0,12.0,64.55696202531645,34.03781979977753,44.57392571012382,76.80949576680915,51.44992943986105,61.6226547272585,2.0,64.28571428571429
4.0,15.0,60.95617529880478,34.03781979977753,43.683083511777305,67.60914041263388,51.44992943986105,58.4329359876446,1.0,64.28571428571429
4.0,20.0,54.937163375224415,34.03781979977753,42.03296703296704,55.81977832550686,51.44992943986105,53.54584655861654,2.0,64.28571428571429
4.0,25.0,51.256281407035175,34.03781979977753,40.909090909090914,55.24680369356416,51.44992943986105,53.28080941817084,2.0,64.28571428571429
4.5,0.1,98.05825242718448,22.46941045606229,36.56108597285068,99.14159817351576,42.56440874222029,59.55856917941108,0.0,64.28571428571429
4.5,0.5,95.96412556053812,23.804226918798665,38.146167557932266,98.47764902392292,43.0480170791721,59.908109021164194,0.0,64.28571428571429
4.5,1.0,95.9349593495935,26.251390433815352,41.22270742358079,97.8638055547368,44.04047257200753,60.744725969095015,0.0,64.28571428571429
4.5,1.5,94.65648854961832,27.58620689655172,42.72179155900086,97.41622534092484,44.61363800839485,61.19969576841897,0.0,64.28571428571429
4.5,2.0,92.7007299270073,28.25361512791991,43.307757885763,96.38547949261476,44.87430344478217,61.23797112642125,0.0,64.28571428571429
4.5,2.5,90.87719298245617,28.809788654060064,43.75,90.73410140718978,45.09697496019684,60.24885627982049,1.0,64.28571428571429
4.5,3.0,89.419795221843,29.14349276974416,43.95973154362416,91.6754411424036,45.24365863366624,60.58661459097021,0.0,64.28571428571429
4.5,3.5,87.62541806020067,29.14349276974416,43.73956594323873,87.8897332291042,45.24365863366624,59.73637465378153,2.0,64.28571428571429
4.5,4.0,85.3896103896104,29.254727474972192,43.579121789560894,85.90295852837075,45.28830149080908,59.30881499600746,2.0,64.28571428571429
4.5,4.5,84.07643312101911,29.36596218020022,43.52844187963726,86.8460341666481,45.33294434795195,59.57053803804552,1.0,64.28571428571429
4.5,5.0,82.55451713395638,29.477196885428253,43.44262295081967,88.38193330769005,45.377587205094805,59.96670548233979,0.0,64.28571428571429
4.5,6.0,79.11764705882352,29.92213570634038,43.42211460855528,78.35814973970278,45.54950969749601,57.61024488168036,2.0,64.28571428571429
4.5,7.0,75.27777777777777,30.14460511679644,43.05003971405878,75.94451377563955,45.63214647561152,57.00948141637111,2.0,64.28571428571429
4.5,8.0,71.94805194805195,30.81201334816463,43.14641744548287,73.11507207452784,45.8667589376176,56.370814888646,2.0,64.28571428571429
4.5,9.0,69.23076923076923,31.03448275862069,42.85714285714285,80.33113923114963,45.94274677956289,58.45441689974474,0.0,64.28571428571429
4.5,10.0,66.42857142857143,31.03448275862069,42.30477634571645,79.14747909363909,45.94274677956289,58.13807697374701,0.0,64.28571428571429
4.5,12.0,62.69662921348315,31.03448275862069,41.517857142857146,76.4140271594535,45.94274677956289,57.38415924472085,1.0,64.28571428571429
4.5,15.0,59.11016949152542,31.03448275862069,40.70021881838075,66.41083942510022,45.94274677956289,54.3123986014602,0.0,64.28571428571429
4.5,20.0,53.24427480916031,31.03448275862069,39.21293042867183,53.64270708632872,45.94274677956289,49.49504596436975,1.0,64.28571428571429
4.5,25.0,49.644128113879006,31.03448275862069,38.19301848049281,53.13443796953234,45.94274677956289,49.27758161660742,1.0,64.28571428571429
5.0,0.1,97.91666666666666,20.912124582869858,34.46379468377635,98.95404382072893,34.30858300767115,50.95161497514009,0.0,57.14285714285714
5.0,0.5,95.60975609756098,21.802002224694107,35.507246376811594,98.14432349454384,38.434858517875234,55.23774754343411,0.0,57.14285714285714
5.0,1.0,95.53571428571428,23.804226918798665,38.11219946571683,97.43316788270666,43.13769177883919,59.79961956951545,0.0,57.14285714285714
5.0,1.5,94.11764705882352,24.91657397107897,39.40193491644679,96.70747739476496,43.63486937328123,60.136063571952526,0.0,57.14285714285714
5.0,2.0,91.93548387096774,25.361512791991103,39.75588491717524,93.24478088757242,43.81954696772326,59.620823587472586,0.0,57.14285714285714
5.0,2.5,89.88326848249028,25.6952169076752,39.96539792387544,89.51798757411711,43.966230641192645,58.96979494415832,1.0,57.14285714285714
5.0,3.0,88.34586466165413,26.14015572858732,40.343347639484975,90.53230780988078,44.15090823563468,59.35533367607568,0.0,57.14285714285714
5.0,3.5,86.39705882352942,26.14015572858732,40.136635354397946,86.14477123952065,44.15090823563468,58.38059873199466,2.0,57.14285714285714
5.0,4.0,84.09893992932862,26.473859844271413,40.27072758037225,83.95346403784859,44.27153893472283,57.97229815859728,2.0,57.14285714285714
5.0,4.5,82.81786941580756,26.807563959955505,40.50420168067227,85.12538415959848,44.392169633810965,58.35348774087967,1.0,57.14285714285714
5.0,5.0,81.27090301003345,27.03003337041157,40.56761268781302,86.84029071316567,44.47480641192647,58.82347426578502,0.0,57.14285714285714
5.0,6.0,77.8125,27.697441601779754,40.85315832649713,76.60594555939669,44.72271674627297,56.47513026562412,2.0,57.14285714285714
5.0,7.0,73.9766081871345,28.142380422691883,40.77356970185335,74.11919835157792,44.88134136633376,55.90846984226684,2.0,57.14285714285714
5.0,8.0,70.49180327868852,28.69855394883204,40.790513833992094,71.01920395087127,45.07131097119699,55.14539458017512,2.0,57.14285714285714
5.0,9.0,67.70833333333334,28.9210233592881,40.53000779423227,74.37805292035208,45.14729881314228,56.188383997766536,0.0,57.14285714285714
5.0,10.0,64.83790523690773,28.9210233592881,40.0,73.02495278631781,45.14729881314228,55.797859812879445,0.0,57.14285714285714
5.0,12.0,61.03286384976526,28.9210233592881,39.24528301886793,70.17022335772694,45.14729881314228,54.94387985586657,1.0,57.14285714285714
5.0,15.0,57.9064587973274,28.9210233592881,38.57566765578635,60.20375637084945,45.14729881314228,51.59961566215748,0.0,57.14285714285714
5.0,20.0,52.63157894736842,28.9210233592881,37.329504666188086,49.14020511506549,45.14729881314228,47.05920576194714,0.0,57.14285714285714
5.0,25.0,49.14933837429111,28.9210233592881,36.41456582633053,47.39451053917664,45.14729881314228,46.24361992466729,1.0,57.14285714285714
