dataset,S,G,Prec,Rec,F1,eTaP,eTaR,eTaF1,FPA,Scen,num_monitored,num_sensors,num_actuators
BATADAL,0.1,0.1,15.768621236133121,88.54282536151278,26.769799899108794,12.184160019806027,94.83341968315372,21.593939310758138,708.0,100.0,42,30,12
BATADAL,0.1,0.5,15.689204333208817,93.43715239154616,26.867103790180714,11.706589208937935,97.03172701159025,20.892553937561352,545.0,100.0,42,30,12
BATADAL,0.1,1.0,15.29890343119915,96.21802002224695,26.400122081489396,11.51192453272824,98.34059639701736,20.611079557290452,383.0,100.0,42,30,12
BATADAL,0.1,1.5,15.167364016736402,96.7741935483871,26.224566691785984,11.555074766707417,98.51723358961199,20.68411241548729,335.0,100.0,42,30,12
BATADAL,0.1,2.0,15.157276183892154,97.55283648498332,26.237845923709795,11.227108140140551,98.90862411398126,20.165259651753438,304.0,100.0,42,30,12
BATADAL,0.1,2.16,15.13112491373361,97.55283648498332,26.19865571321882,11.353509445807216,98.90862411398126,20.36891472884421,298.0,100.0,42,30,12
BATADAL,0.1,2.5,15.112872652076511,97.55283648498332,26.171292151596536,11.416553572111425,98.90862411398126,20.470315654582308,294.0,100.0,42,30,12
BATADAL,0.1,3.0,15.163511187607574,97.99777530589544,26.263228499031154,11.214974866942404,99.0958535512107,20.14956324654243,292.0,100.0,42,30,12
BATADAL,0.1,3.5,15.17549896765313,98.10901001112346,26.28520339740724,11.132987577460565,99.13156783692497,20.017865380495447,291.0,100.0,42,30,12
BATADAL,0.1,4.0,15.204678362573098,98.33147942157953,26.3369581409206,10.808915685486523,99.1997496551068,19.493768544935918,291.0,100.0,42,30,12
BATADAL,0.1,4.5,15.204678362573098,98.33147942157953,26.3369581409206,10.808915685486523,99.1997496551068,19.493768544935918,291.0,100.0,42,30,12
BATADAL,0.1,5.0,15.216643741403027,98.44271412680756,26.358897989575574,10.441743803843902,99.23546394082106,18.895289404849876,290.0,100.0,42,30,12
BATADAL,0.1,6.0,15.21402784940691,98.44271412680756,26.354973198332342,10.47085895968561,99.23546394082106,18.942947302420354,289.0,100.0,42,30,12
BATADAL,0.1,7.0,15.21402784940691,98.44271412680756,26.354973198332342,10.47085895968561,99.23546394082106,18.942947302420354,289.0,100.0,42,30,12
BATADAL,0.1,8.0,15.257731958762887,98.77641824249166,26.43250483702932,9.961651520111275,99.43486870272584,18.10908626612411,289.0,100.0,42,30,12
BATADAL,0.1,9.0,15.252490553074544,98.77641824249166,26.42463919059664,9.421262455066167,99.43486870272584,17.211745177228224,287.0,100.0,42,30,12
BATADAL,0.1,10.0,15.264423076923078,98.88765294771969,26.446526848133274,9.047584834875732,99.55391632177346,16.587662122020642,286.0,100.0,42,30,12
BATADAL,0.1,12.0,15.263248156405421,98.99888765294772,26.448736998514118,8.639511622168488,99.59855917891632,15.89981978076533,281.0,100.0,42,30,12
BATADAL,0.1,15.0,15.26207605344296,99.11012235817576,26.45094255603384,8.753781114922427,99.64320203605918,16.093709526928947,279.0,100.0,42,30,12
BATADAL,0.1,20.0,15.250470165840316,99.22135706340379,26.437462951985776,8.291619418772106,99.70272584558299,15.310006384169622,273.0,100.0,42,30,12
BATADAL,0.1,25.0,15.206273440163656,99.22135706340379,26.371027346637106,7.67972846370206,99.70272584558299,14.26098642483346,261.0,100.0,42,30,12
BATADAL,0.2,0.1,16.19673521305915,84.98331479421579,27.20797720797721,11.988034850325189,93.24287743664644,21.24468637517475,896.0,100.0,42,30,12
BATADAL,0.2,0.5,16.110887906789877,89.21023359288098,27.29283648119789,11.838534761065926,95.27804945814066,21.060277616180908,762.0,100.0,42,30,12
BATADAL,0.2,1.0,15.750568612585292,92.43604004449388,26.91497975708502,11.474426926621218,96.62736566877905,20.512955795804075,607.0,100.0,42,30,12
BATADAL,0.2,1.5,15.68262246228348,93.65962180200222,26.86662412252712,11.233847607653557,97.13498140663795,20.138624518135686,557.0,100.0,42,30,12
BATADAL,0.2,2.0,15.741935483870966,94.9944382647386,27.008222643896268,10.83693293459021,97.78891131664686,19.51159746540747,527.0,100.0,42,30,12
BATADAL,0.2,2.16,15.75165806927045,95.10567296996662,27.027027027027028,10.715817656686905,97.83355417378972,19.315939089342354,525.0,100.0,42,30,12
BATADAL,0.2,2.5,15.761369913459768,95.21690767519466,27.045813586097943,10.61097638505553,97.88849922873479,19.146499055569873,525.0,100.0,42,30,12
BATADAL,0.2,3.0,15.891971339334926,96.21802002224695,27.278461053295487,9.997419284728903,98.30626895900451,18.149132407914365,523.0,100.0,42,30,12
BATADAL,0.2,3.5,15.889052167523879,96.21802002224695,27.27416049188081,9.866964871968534,98.30626895900451,17.933909677294945,522.0,100.0,42,30,12
BATADAL,0.2,4.0,15.929528353826392,96.55172413793103,27.347195967233773,9.668545810041472,98.41244469815898,17.607263319262962,520.0,100.0,42,30,12
BATADAL,0.2,4.5,15.929528353826392,96.55172413793103,27.347195967233773,9.668545810041472,98.41244469815898,17.607263319262962,520.0,100.0,42,30,12
BATADAL,0.2,5.0,15.93618191821016,96.66295884315906,27.361460957178842,9.393945894639137,98.44815898387326,17.151309870354865,518.0,100.0,42,30,12
BATADAL,0.2,6.0,15.95238095238095,96.88542825361512,27.39424437804686,9.16345560851668,98.53557157128584,16.76758573586498,516.0,100.0,42,30,12
BATADAL,0.2,7.0,15.937785910338517,96.88542825361512,27.37272155876807,9.250569415506927,98.53557157128584,16.913308823785048,511.0,100.0,42,30,12
BATADAL,0.2,8.0,15.968538503749771,97.10789766407119,27.426955702167767,9.03249167184694,98.69926204747632,16.550371300627308,511.0,100.0,42,30,12
BATADAL,0.2,9.0,15.959780621572211,97.10789766407119,27.41403674046161,8.603426303859598,98.69926204747632,15.827223722306993,509.0,100.0,42,30,12
BATADAL,0.2,10.0,15.966386554621847,97.21913236929922,27.428212772634552,8.310099409493995,98.81830966652394,15.330946924158315,507.0,100.0,42,30,12
BATADAL,0.2,12.0,15.955506929248722,97.33036707452726,27.416575278082405,8.007005541138245,98.86295252366682,14.814195177100567,501.0,100.0,42,30,12
BATADAL,0.2,15.0,15.938864628820962,97.44160177975529,27.396403440187644,8.104448827669824,98.90759538080965,14.981333201522512,494.0,100.0,42,30,12
BATADAL,0.2,20.0,15.91156216020297,97.66407119021135,27.36481221754714,8.396182078997175,99.0266429998573,15.479870775849069,480.0,100.0,42,30,12
BATADAL,0.2,25.0,15.84551524995488,97.66407119021135,27.267080745341616,8.057314640349079,99.0266429998573,14.902116769128297,465.0,100.0,42,30,12
BATADAL,0.3,0.1,16.625643320653392,82.64738598442715,27.68256333830104,11.805235381283007,92.23856956113795,20.931530243529412,1027.0,100.0,42,30,12
BATADAL,0.3,0.5,16.49484536082474,85.42825361512793,27.65076507650765,11.476137947511422,93.56753409963898,20.444714237597246,935.0,100.0,42,30,12
BATADAL,0.3,1.0,16.326113608500204,88.87652947719688,27.585016399102365,11.027539884252825,94.97055768446344,19.760573759660502,822.0,100.0,42,30,12
BATADAL,0.3,1.5,16.217833632555354,90.43381535038932,27.50338294993234,10.851378625990394,95.6451106517596,19.491371339014304,758.0,100.0,42,30,12
BATADAL,0.3,2.0,16.36219221604448,91.65739710789767,27.767481044650378,10.442283078511558,96.21232452957376,18.839811066976683,750.0,100.0,42,30,12
BATADAL,0.3,2.16,16.290480863591757,92.32480533926585,27.69436102769436,10.38057117529653,96.54171455444252,18.74554275524273,716.0,100.0,42,30,12
BATADAL,0.3,2.5,16.333333333333332,92.65850945494995,27.771295215869312,10.17875372566589,96.67929638750307,18.418354953264835,715.0,100.0,42,30,12
BATADAL,0.3,3.0,16.536356528537922,94.10456062291435,28.129675810473813,9.634568893802756,97.26711548330088,17.532496904717554,713.0,100.0,42,30,12
BATADAL,0.3,3.5,16.5625,94.3270300333704,28.177438112643294,9.196444350527633,97.34975226141638,16.80532215467945,711.0,100.0,42,30,12
BATADAL,0.3,4.0,16.617905207723815,94.77196885428253,28.277464321274476,8.944211536541363,97.49164228628516,16.385190522450564,709.0,100.0,42,30,12
BATADAL,0.3,4.5,16.634165366614663,94.88320355951056,28.305956528953047,8.858642049072929,97.536285143428,16.242109650935294,709.0,100.0,42,30,12
BATADAL,0.3,5.0,16.63744398986947,94.9944382647386,28.315649867374006,8.633802885411257,97.57199942914228,15.863867921484296,706.0,100.0,42,30,12
BATADAL,0.3,6.0,16.67315175097276,95.32814238042269,28.38218248054314,8.34237347251483,97.71893582607866,15.372389109450083,704.0,100.0,42,30,12
BATADAL,0.3,7.0,16.686091686091686,95.55061179087876,28.410782206052588,8.41356023888883,97.87369773084059,15.495107643020525,698.0,100.0,42,30,12
BATADAL,0.3,8.0,16.71195652173913,95.77308120133482,28.458106098165594,8.243791107168498,98.03738820703106,15.208708715620542,696.0,100.0,42,30,12
BATADAL,0.3,9.0,16.702230843840933,95.77308120133482,28.44400396432111,8.288842119595238,98.03738820703106,15.285342669805017,694.0,100.0,42,30,12
BATADAL,0.3,10.0,16.705426356589147,95.88431590656285,28.453540188149862,8.025845092712066,98.15643582607868,14.838414507131354,692.0,100.0,42,30,12
BATADAL,0.3,12.0,16.69242658423493,96.1067853170189,28.444444444444443,8.0558562851845,98.26060249274535,14.890888979487348,686.0,100.0,42,30,12
BATADAL,0.3,15.0,16.67950693374422,96.32925472747496,28.435396486619602,7.675725970441505,98.36476915941202,14.240239302708083,676.0,100.0,42,30,12
BATADAL,0.3,20.0,16.625167592415245,96.55172413793103,28.366013071895424,7.582037319743752,98.48381677845964,14.080082238601143,658.0,100.0,42,30,12
BATADAL,0.3,25.0,16.53333333333333,96.55172413793103,28.232232883395675,7.252577651953199,98.48381677845964,13.510230464999998,641.0,100.0,42,30,12
BATADAL,0.4,0.1,16.87137891077636,80.97886540600668,27.92481779823552,11.93964212240478,91.46740784544737,21.122121090935217,1117.0,100.0,42,30,12
BATADAL,0.4,0.5,16.969147005444647,83.20355951056729,28.18918409647635,11.555787062246463,92.45465078234837,20.54382770605167,1072.0,100.0,42,30,12
BATADAL,0.4,1.0,16.719982938792917,87.20800889877643,28.060128847530425,11.049762290153035,94.08237526151659,19.776785796289996,933.0,100.0,42,30,12
BATADAL,0.4,1.5,16.871035940803385,88.76529477196885,28.353171078344285,10.851161781421986,94.73624950277687,19.47198737835956,918.0,100.0,42,30,12
BATADAL,0.4,2.0,17.021725374393586,89.76640711902112,28.617021276595743,10.454237826972369,95.22635299098064,18.840147161512924,917.0,100.0,42,30,12
BATADAL,0.4,2.16,17.09833649189303,90.32258064516128,28.753541076487256,10.307280576524539,95.4513474114538,18.60545731151141,914.0,100.0,42,30,12
BATADAL,0.4,2.5,17.139852786540484,90.65628476084538,28.829147506190306,10.112197649804347,95.58892924451435,18.2895712478094,913.0,100.0,42,30,12
BATADAL,0.4,3.0,17.333892265772374,91.99110122358177,29.171075837742507,9.585634264558982,96.14168816239486,17.43312966123224,910.0,100.0,42,30,12
BATADAL,0.4,3.5,17.395855139208706,92.43604004449388,29.28118393234672,9.145543896464412,96.29250675869218,16.70454531338865,908.0,100.0,42,30,12
BATADAL,0.4,4.0,17.454013377926422,92.88097886540601,29.385887735351048,8.999760161761442,96.43439678356093,16.463098250906846,906.0,100.0,42,30,12
BATADAL,0.4,4.5,17.47126436781609,92.99221357063404,29.415904292751584,8.921469376403138,96.47903964070377,16.33264973093484,906.0,100.0,42,30,12
BATADAL,0.4,5.0,17.508347245409013,93.32591768631812,29.485151994377084,8.570809147302825,96.66951583117996,15.745598860904565,903.0,100.0,42,30,12
BATADAL,0.4,6.0,17.53436068304873,93.65962180200222,29.538677425013155,8.338180976161706,96.81645222811636,15.354018658972521,898.0,100.0,42,30,12
BATADAL,0.4,7.0,17.539484621778886,93.88209121245829,29.55699527228156,8.40687541660002,96.97121413287829,15.472379878907889,890.0,100.0,42,30,12
BATADAL,0.4,8.0,17.559153175591533,94.10456062291435,29.595941927584395,8.260081625303863,97.13490460906876,15.225434708114099,887.0,100.0,42,30,12
BATADAL,0.4,9.0,17.548226509023024,94.10456062291435,29.58041958041958,8.294028882460767,97.13490460906876,15.283085537186345,885.0,100.0,42,30,12
BATADAL,0.4,10.0,17.56057154690412,94.3270300333704,29.608938547486037,8.073921713303646,97.37299984716398,14.91142588367932,881.0,100.0,42,30,12
BATADAL,0.4,12.0,17.536620590055705,94.54949944382648,29.585798816568047,7.921179778800265,97.47716651383065,14.651731975762253,873.0,100.0,42,30,12
BATADAL,0.4,15.0,17.516447368421055,94.77196885428253,29.56793336803748,7.961277611217292,97.58133318049732,14.721486938687988,862.0,100.0,42,30,12
BATADAL,0.4,20.0,17.425015302999388,94.9944382647386,29.448275862068968,7.503072222415754,97.70038079954493,13.935911650038443,839.0,100.0,42,30,12
BATADAL,0.4,25.0,17.311980539225623,94.9944382647386,29.286694101508914,7.179705857144753,97.70038079954493,13.376419082640478,820.0,100.0,42,30,12
BATADAL,0.5,0.1,19.494266392237577,73.74860956618465,30.83720930232558,12.44580485327591,88.59571203872116,21.82558173685306,1460.0,100.0,42,30,12
BATADAL,0.5,0.5,19.6,76.30700778642937,31.188906569674923,12.11436374945989,89.73701950278698,21.346924535267046,1422.0,100.0,42,30,12
BATADAL,0.5,1.0,19.57871995679179,80.64516129032258,31.508039982616253,11.341441008471943,91.46830759159786,20.180623507412584,1355.0,100.0,42,30,12
BATADAL,0.5,1.5,19.359834796076406,83.42602892102336,31.426775612822123,10.927902235337667,92.60824554118628,19.54899569268494,1260.0,100.0,42,30,12
BATADAL,0.5,2.0,19.62448559670782,84.87208008898777,31.878002924587424,10.525940359295705,93.25813782215758,18.916766693610846,1260.0,100.0,42,30,12
BATADAL,0.5,2.16,19.748653500897667,85.65072302558399,32.09670696123384,10.305794925413391,93.60217986167835,18.56729230268767,1258.0,100.0,42,30,12
BATADAL,0.5,2.5,19.841269841269842,86.20689655172413,32.25806451612903,10.045724466008624,93.81182488990241,18.148083607631794,1258.0,100.0,42,30,12
BATADAL,0.5,3.0,20.05095541401274,87.54171301446051,32.62852404643449,9.404750593292563,94.32902412936608,17.104187098506994,1253.0,100.0,42,30,12
BATADAL,0.5,3.5,20.157600406710728,88.2091212458287,32.816056279743435,9.080582149134017,94.5727817015811,16.57015038219429,1252.0,100.0,42,30,12
BATADAL,0.5,4.0,20.248352762290928,88.87652947719688,32.98245614035088,9.013021867670751,94.79502886930699,16.460951960466772,1247.0,100.0,42,30,12
BATADAL,0.5,4.5,20.283616105343125,89.09899888765295,33.04455445544555,8.986624723360846,94.87213925891737,16.41807161055371,1246.0,100.0,42,30,12
BATADAL,0.5,5.0,20.35867643344279,89.65517241379311,33.182379580074105,8.7172188186693,95.14297259225071,15.971126181808732,1244.0,100.0,42,30,12
BATADAL,0.5,6.0,20.38712921065862,90.21134593993327,33.258150502358006,8.651387087840854,95.37919470347282,15.863841560774256,1238.0,100.0,42,30,12
BATADAL,0.5,7.0,20.410718757826196,90.65628476084538,33.31970564186427,8.738179351146254,95.62594795022606,16.013101540139342,1228.0,100.0,42,30,12
BATADAL,0.5,8.0,20.42957042957043,90.98998887652948,33.36732612686111,8.57858488996932,95.84916223594036,15.747733672393792,1224.0,100.0,42,30,12
BATADAL,0.5,9.0,20.358387257341963,90.98998887652948,33.272320520642666,8.647282729022763,95.84916223594036,15.863406749809528,1214.0,100.0,42,30,12
BATADAL,0.5,10.0,20.37174721189591,91.43492769744161,33.31982164572355,8.379985704690828,96.19142414070227,15.416886133690188,1206.0,100.0,42,30,12
BATADAL,0.5,12.0,20.349839862034987,91.87986651835372,33.31988705123033,8.133984865508232,96.39975747403558,15.0021256444743,1195.0,100.0,42,30,12
BATADAL,0.5,15.0,20.274240940254654,92.1023359288098,33.232992173389526,8.182861390461662,96.50392414070225,15.086493120832644,1181.0,100.0,42,30,12
BATADAL,0.5,20.0,20.072551390568318,92.32480533926585,32.97576479936432,7.751600389929823,96.62297175974987,14.351822482107371,1153.0,100.0,42,30,12
BATADAL,0.5,25.0,19.889767553318954,92.32480533926585,32.72870662460568,7.896461177133367,96.62297175974987,14.599764347762267,1132.0,100.0,42,30,12
BATADAL,0.6,0.1,19.857936998147004,71.52391546162403,31.08532753202804,12.786431520220754,87.69207299792407,22.3185783194389,1489.0,100.0,42,30,12
BATADAL,0.6,0.5,20.250076242756936,73.85984427141268,31.78554332216372,12.501547150984285,88.79082809287976,21.917201986934707,1480.0,100.0,42,30,12
BATADAL,0.6,1.0,20.553129548762737,78.53170189098999,32.57960313797877,11.746619664640718,90.71105009478869,20.79977433305991,1433.0,100.0,42,30,12
BATADAL,0.6,1.5,20.92157985117344,81.31256952169078,33.28021852947872,11.211996985808817,91.8381153421047,19.98423192633678,1430.0,100.0,42,30,12
BATADAL,0.6,2.0,21.196581196581196,82.75862068965517,33.74914946699932,10.847598061104621,92.48800762307602,19.417754906934217,1430.0,100.0,42,30,12
BATADAL,0.6,2.16,21.3291678500426,83.53726362625139,33.98190045248869,10.584023359448254,92.81509852862436,19.001267186772296,1429.0,100.0,42,30,12
BATADAL,0.6,2.5,21.511463345598642,84.53837597330367,34.29602888086642,10.39880658727482,93.18814398620631,18.709798486678455,1428.0,100.0,42,30,12
BATADAL,0.6,3.0,21.750140686550363,85.98442714126807,34.71816752750954,9.837002679703462,93.72180725809146,17.805180837792236,1422.0,100.0,42,30,12
BATADAL,0.6,3.5,21.885521885521886,86.76307007786428,34.95406677123011,9.517468015838352,94.00127911602077,17.284872396978244,1421.0,100.0,42,30,12
BATADAL,0.6,4.0,22.023476802683064,87.65294771968854,35.20214429305339,9.224826142837685,94.29398773718684,16.805556605363435,1416.0,100.0,42,30,12
BATADAL,0.6,4.5,22.06087685004189,87.87541713014461,35.267857142857146,9.199104586563426,94.37109812679722,16.76408037975691,1415.0,100.0,42,30,12
BATADAL,0.6,5.0,22.13251670378619,88.43159065628477,35.40414161656646,9.062119840876887,94.64193146013055,16.54046325296122,1413.0,100.0,42,30,12
BATADAL,0.6,6.0,22.148394241417495,88.98776418242491,35.46885391265795,8.876157521233948,94.86785137355047,16.23345774784259,1408.0,100.0,42,30,12
BATADAL,0.6,7.0,22.160970231532527,89.43270300333704,35.52021206096752,8.95842469527277,95.12353319173229,16.37473057091306,1397.0,100.0,42,30,12
BATADAL,0.6,8.0,22.164240593243616,89.76640711902112,35.55066079295155,8.811707585610948,95.34674747744657,16.132490780546046,1392.0,100.0,42,30,12
BATADAL,0.6,9.0,22.073304157549234,89.76640711902112,35.433589462129525,8.869511102278892,95.34674747744657,16.22931098932994,1383.0,100.0,42,30,12
BATADAL,0.6,10.0,22.0620239390642,90.21134593993327,35.4535519125683,8.605458983393929,95.68900938220848,15.790824926852498,1375.0,100.0,42,30,12
BATADAL,0.6,12.0,21.997300944669366,90.65628476084538,35.40399652476108,8.47614619920649,95.8973427155418,15.575600766517733,1360.0,100.0,42,30,12
BATADAL,0.6,15.0,21.906802356722014,90.98998887652948,35.31189294193827,8.417713233533473,96.06103319173226,15.479018613672771,1345.0,100.0,42,30,12
BATADAL,0.6,20.0,21.65302350145234,91.21245828698554,34.99786598378148,7.838682528365978,96.1800808107799,14.495944670485429,1319.0,100.0,42,30,12
BATADAL,0.6,25.0,21.44723092998955,91.32369299221357,34.736619420351175,8.037718225797946,96.23960462030371,14.836338390502165,1295.0,100.0,42,30,12
BATADAL,0.7,0.1,20.01897533206831,70.41156840934372,31.174587540014777,12.852584643118767,87.27718595993673,22.405672423044052,1503.0,100.0,42,30,12
BATADAL,0.7,0.5,20.445280652242083,72.52502780867631,31.898238747553815,12.616676738419086,88.28027778958631,22.078044524919658,1498.0,100.0,42,30,12
BATADAL,0.7,1.0,21.256931608133087,76.7519466073415,33.293124246079614,11.945431438377604,90.08678694658938,21.093837887832613,1488.0,100.0,42,30,12
BATADAL,0.7,1.5,21.84540177207455,79.53281423804228,34.27612655800576,11.494751237160013,91.22490497091562,20.416882765847838,1487.0,100.0,42,30,12
BATADAL,0.7,2.0,22.134387351778656,80.97886540600668,34.765998089780325,11.154695877393229,91.85556648265614,19.893569539282804,1487.0,100.0,42,30,12
BATADAL,0.7,2.16,22.272727272727273,81.75750834260289,35.00833531793284,10.906107919903137,92.18723614278328,19.504730501310515,1486.0,100.0,42,30,12
BATADAL,0.7,2.5,22.45698762450951,82.75862068965517,35.32763532763533,10.722119920562982,92.5602816003652,19.218035688279297,1484.0,100.0,42,30,12
BATADAL,0.7,3.0,22.69588712098469,84.09343715239154,35.74468085106383,10.214986994790149,93.03442106272655,18.408733165698685,1479.0,100.0,42,30,12
BATADAL,0.7,3.5,22.893006575014944,85.20578420467186,36.08951707891637,9.811201127051259,93.44387818361983,17.75789993231691,1477.0,100.0,42,30,12
BATADAL,0.7,4.0,23.012801428996728,85.98442714126807,36.308125880695165,9.565561211569657,93.70411927231838,17.359063850602887,1472.0,100.0,42,30,12
BATADAL,0.7,4.5,23.051754907792983,86.20689655172413,36.376437455996246,9.539851066272828,93.78122966192876,17.318033405791315,1471.0,100.0,42,30,12
BATADAL,0.7,5.0,23.117960877296976,86.76307007786428,36.508307980341684,9.402288978462197,94.05206299526209,17.095552935783388,1469.0,100.0,42,30,12
BATADAL,0.7,6.0,23.129051266941662,87.31924360400444,36.57116235732588,9.226123253655825,94.277982908682,16.80745475077703,1464.0,100.0,42,30,12
BATADAL,0.7,7.0,23.13782991202346,87.76418242491657,36.62102576003713,9.311147647710923,94.53366472686382,16.952544663974813,1453.0,100.0,42,30,12
BATADAL,0.7,8.0,23.137598597721297,88.09788654060067,36.64969921332716,9.199190367023245,94.7568790125781,16.7702871765704,1448.0,100.0,42,30,12
BATADAL,0.7,9.0,23.036649214659686,88.09788654060067,36.52294212589348,9.259120004417651,94.7568790125781,16.86981468837669,1439.0,100.0,42,30,12
BATADAL,0.7,10.0,23.041341428158425,88.65406006674083,36.57641119779716,8.922052227151521,95.14378377448284,16.31424568407668,1432.0,100.0,42,30,12
BATADAL,0.7,12.0,22.964449541284402,89.09899888765295,36.51698199224983,8.790316126154476,95.3521171078162,16.09670960525241,1417.0,100.0,42,30,12
BATADAL,0.7,15.0,22.840909090909093,89.43270300333704,36.38832315003395,8.74910070602649,95.51580758400667,16.02988835410133,1400.0,100.0,42,30,12
BATADAL,0.7,20.0,22.545454545454547,89.65517241379311,36.03039785426911,8.15198011544597,95.63485520305429,15.023358898387862,1376.0,100.0,42,30,12
BATADAL,0.7,25.0,22.317477876106196,89.76640711902112,35.74750830564784,8.358933706044851,95.6943790125781,15.374867926989264,1352.0,100.0,42,30,12
BATADAL,0.8,0.1,20.070648683365448,69.52169076751946,31.148766508846247,12.902807481689823,86.9304807401312,22.47040595895136,1513.0,100.0,42,30,12
BATADAL,0.8,0.5,20.535714285714285,71.63515016685206,31.920693928128873,12.668951676087906,87.93357256978078,22.147082092486762,1511.0,100.0,42,30,12
BATADAL,0.8,1.0,21.41509433962264,75.75083426028921,33.39053689629811,11.983512575068131,89.7018164206614,21.142535618458645,1507.0,100.0,42,30,12
BATADAL,0.8,1.5,21.98316183348924,78.42046718576195,34.33999025815879,11.574577436596236,90.78726902530094,20.5315615517271,1505.0,100.0,42,30,12
BATADAL,0.8,2.0,22.246354328265593,79.75528364849833,34.78893740902475,11.240548548176331,91.3822162513272,20.018681824053935,1504.0,100.0,42,30,12
BATADAL,0.8,2.16,22.387136672850957,80.53392658509455,35.03508347447375,11.040240824352331,91.7138859114543,19.70808218735589,1503.0,100.0,42,30,12
BATADAL,0.8,2.5,22.598522167487683,81.64627363737486,35.39908367494574,10.780166278328148,92.12492529000887,19.30170796933489,1501.0,100.0,42,30,12
BATADAL,0.8,3.0,22.85102477821964,83.09232480533927,35.84452975047985,10.233337728277077,92.65858856189404,18.431118249360868,1495.0,100.0,42,30,12
BATADAL,0.8,3.5,23.065204143814746,84.20467185761957,36.211432671609664,9.836170411174676,93.04098940573105,17.79145203168176,1494.0,100.0,42,30,12
BATADAL,0.8,4.0,23.186646433990894,84.98331479421579,36.43299952312828,9.603130749162462,93.30123049442959,17.413915302866616,1489.0,100.0,42,30,12
BATADAL,0.8,4.5,23.226197695573074,85.20578420467186,36.50226352156302,9.577387607146045,93.37834088403997,17.37291509399063,1488.0,100.0,42,30,12
BATADAL,0.8,5.0,23.253704263683098,85.53948832035594,36.566809320019026,9.51420979277933,93.57774564594476,17.27231383325635,1486.0,100.0,42,30,12
BATADAL,0.8,6.0,23.264201983769162,86.09566184649611,36.63038334122101,9.338333796710437,93.80366555936465,16.98570797186593,1481.0,100.0,42,30,12
BATADAL,0.8,7.0,23.27250972180676,86.54060066740823,36.68081093823668,9.424133373482919,94.05934737754647,17.1317746228775,1470.0,100.0,42,30,12
BATADAL,0.8,8.0,23.27175208581645,86.87430478309233,36.709753231492364,9.312474878783645,94.28256166326075,16.950696023745206,1465.0,100.0,42,30,12
BATADAL,0.8,9.0,23.168199347374667,86.87430478309233,36.5807962529274,9.373145953385983,94.28256166326075,17.05114424759248,1456.0,100.0,42,30,12
BATADAL,0.8,10.0,23.1858407079646,87.43047830923248,36.65190020983912,9.037556246890167,94.66946642516551,16.499955463692114,1449.0,100.0,42,30,12
BATADAL,0.8,12.0,23.14001171646163,87.87541713014461,36.63343380477625,8.906106087922039,94.87779975849885,16.283676031392204,1435.0,100.0,42,30,12
BATADAL,0.8,15.0,23.032239326169037,88.2091212458287,36.52694610778443,8.852843534899797,95.04149023468933,16.19698422124526,1421.0,100.0,42,30,12
BATADAL,0.8,20.0,22.720777364961418,88.43159065628477,36.15279672578445,8.246085896298814,95.16053785373695,15.177015564820396,1396.0,100.0,42,30,12
BATADAL,0.8,25.0,22.479525557752048,88.54282536151278,35.85585585585586,8.46936302057172,95.22006166326076,15.55516913178753,1371.0,100.0,42,30,12
BATADAL,0.9,0.1,20.82901554404145,67.07452725250278,31.787032156035842,12.898629888553698,85.96746920759078,22.43160351023889,1513.0,100.0,42,30,12
BATADAL,0.9,0.5,21.337907375643226,69.18798665183537,32.61667540639748,12.722411076605386,86.97581768535416,22.197828789094157,1513.0,100.0,42,30,12
BATADAL,0.9,1.0,22.274881516587676,73.1924360400445,34.15520373734752,12.162955176550483,88.74178107859719,21.393689644398027,1512.0,100.0,42,30,12
BATADAL,0.9,1.5,22.929936305732486,76.0845383759733,35.239567233384854,11.737665089284375,89.88281418429594,20.763814099663115,1510.0,100.0,42,30,12
BATADAL,0.9,2.0,23.310023310023308,77.8642936596218,35.879036391594056,11.372536200747001,90.66866277086643,20.210124146460654,1509.0,100.0,42,30,12
BATADAL,0.9,2.16,23.482587064676615,78.75417130144605,36.17782319877364,11.153519089993694,91.03279996346106,19.87225064202395,1508.0,100.0,42,30,12
BATADAL,0.9,2.5,23.72154404486968,79.97775305895439,36.59033078880407,10.85173718126968,91.47955362772991,19.40192614751393,1505.0,100.0,42,30,12
BATADAL,0.9,3.0,23.9672131147541,81.31256952169078,37.02203089389719,10.39883057581658,91.97224596578701,18.68503948157401,1500.0,100.0,42,30,12
BATADAL,0.9,3.5,24.143556280587276,82.31368186874305,37.33602421796166,9.97898890159574,92.34923555421277,18.011687421867105,1497.0,100.0,42,30,12
BATADAL,0.9,4.0,24.269005847953213,83.09232480533927,37.56600452602464,9.864815844913972,92.6094766429113,17.830334035918746,1492.0,100.0,42,30,12
BATADAL,0.9,4.5,24.310288867250893,83.31479421579533,37.63819095477387,9.84932311844036,92.68658703252169,17.806447381891893,1491.0,100.0,42,30,12
BATADAL,0.9,5.0,24.376820977662675,83.75973303670744,37.763289869608826,9.708868713715562,92.91845932689398,17.58075826213773,1490.0,100.0,42,30,12
BATADAL,0.9,6.0,24.38867438867439,84.31590656284762,37.833790865984525,9.526286985155844,93.14437924031388,17.284782895025238,1486.0,100.0,42,30,12
BATADAL,0.9,7.0,24.384,84.76084538375973,37.8727634194831,9.596916971686708,93.40006105849571,17.405416125241725,1478.0,100.0,42,30,12
BATADAL,0.9,8.0,24.378585086042065,85.09454949944383,37.899430270002476,9.484729666034385,93.62327534420999,17.224491095532436,1473.0,100.0,42,30,12
BATADAL,0.9,9.0,24.278006981910504,85.09454949944383,37.77777777777778,9.53122840080497,93.62327534420999,17.301131575270485,1467.0,100.0,42,30,12
BATADAL,0.9,10.0,24.259609325771898,85.65072302558399,37.80996808249448,9.199367151071176,94.01018010611475,16.758801597674157,1457.0,100.0,42,30,12
BATADAL,0.9,12.0,24.202626641651033,86.09566184649611,37.78374420307542,9.060988966889601,94.21851343944809,16.53208799153144,1444.0,100.0,42,30,12
BATADAL,0.9,15.0,24.063177454320222,86.4293659621802,37.645348837209305,9.00256341165894,94.38220391563856,16.437272098175196,1431.0,100.0,42,30,12
BATADAL,0.9,20.0,23.68501064153238,86.65183537263627,37.201528175740215,8.363607517625116,94.50125153468618,15.367179521600177,1406.0,100.0,42,30,12
BATADAL,0.9,25.0,23.43045959747672,86.76307007786428,36.89687795648061,8.57197976751305,94.56077534420999,15.719022577702427,1384.0,100.0,42,30,12
BATADAL,1.0,0.1,94.1031941031941,42.60289210233593,58.652373660030634,87.80524027556467,75.58085404969903,81.23573891000405,17.0,100.0,42,30,12
BATADAL,1.0,0.5,93.93258426966293,46.49610678531702,62.202380952380956,88.40315153743236,77.3761533552567,82.5229158111885,18.0,100.0,42,30,12
BATADAL,1.0,1.0,94.02390438247012,52.502780867630705,67.38044254104211,88.56163659046713,79.91572890129122,84.01683775337361,17.0,100.0,42,30,12
BATADAL,1.0,1.5,93.80692167577413,57.28587319243604,71.13259668508287,88.72950215639064,81.85136127803301,85.15176193623513,17.0,100.0,42,30,12
BATADAL,1.0,2.0,93.10344827586206,60.06674082313682,73.02231237322515,88.22018915585484,82.98634932696481,85.52326914445901,17.0,100.0,42,30,12
BATADAL,1.0,2.16,92.47491638795987,61.512791991101224,73.8810955243821,87.22219950379429,83.57698621034487,85.36069460383968,18.0,100.0,42,30,12
BATADAL,1.0,2.5,91.63987138263666,63.40378197997776,74.95069033530572,84.53848694130379,84.23609135292264,84.38701824407559,20.0,100.0,42,30,12
BATADAL,1.0,3.0,90.3076923076923,65.29477196885428,75.79083279535183,85.72473421331526,84.99524772340122,85.35843242045738,18.0,100.0,42,30,12
BATADAL,1.0,3.5,89.28046989721,67.63070077864293,76.9620253164557,82.71214329787846,85.9145199405458,84.28292356877529,18.0,100.0,42,30,12
BATADAL,1.0,4.0,88.3357041251778,69.07675194660735,77.52808988764045,83.7097128136775,86.4826211655619,85.07357777967064,17.0,100.0,42,30,12
BATADAL,1.0,4.5,87.9043600562588,69.52169076751946,77.63975155279503,83.44434059693685,86.67420041964114,85.02860955148799,17.0,100.0,42,30,12
BATADAL,1.0,5.0,87.0344827586207,70.18909899888766,77.70935960591133,83.89601006918586,86.98318310362384,85.41170952430092,16.0,100.0,42,30,12
BATADAL,1.0,6.0,85.0132625994695,71.30144605116796,77.55595886267392,81.49856651669518,87.51267444561519,84.39861726061565,19.0,100.0,42,30,12
BATADAL,1.0,7.0,82.9896907216495,71.63515016685206,76.8955223880597,81.62822764393033,87.70883245427319,84.55935797879972,17.0,100.0,42,30,12
BATADAL,1.0,8.0,80.92269326683291,72.19132369299221,76.30805408583187,79.78045611368756,88.1106181685589,83.73888053309011,18.0,100.0,42,30,12
BATADAL,1.0,9.0,78.41726618705036,72.74749721913237,75.47605308713214,79.77774983788098,88.4231181685589,83.87825205356964,19.0,100.0,42,30,12
BATADAL,1.0,10.0,76.0919540229885,73.63737486095661,74.84454494064443,76.45454602616168,88.94395150189224,82.227705033375,18.0,100.0,42,30,12
BATADAL,1.0,12.0,72.94633077765607,74.08231368186874,73.50993377483444,73.72046201973681,89.15228483522559,80.70530834751204,18.0,100.0,42,30,12
BATADAL,1.0,15.0,69.50207468879668,74.52725250278087,71.92699946323134,72.63408169434177,89.37549912093985,80.13979509057015,18.0,100.0,42,30,12
BATADAL,1.0,20.0,63.32082551594746,75.08342602892102,68.70229007633588,59.23458166498556,89.6731181685589,71.34284724358926,17.0,100.0,42,30,12
BATADAL,1.0,25.0,59.40246045694201,75.19466073414905,66.37211585665193,61.05674385901487,89.73264197808271,72.66801846341333,16.0,100.0,42,30,12
BATADAL,1.2,0.1,97.8319783197832,40.155728587319246,56.94006309148265,97.83679611355296,74.45248406608587,84.55769849553346,1.0,100.0,42,30,12
BATADAL,1.2,0.5,97.28395061728395,43.82647385984427,60.42944785276073,97.7223362741419,76.16037078423098,85.60448005955487,2.0,100.0,42,30,12
BATADAL,1.2,1.0,97.1677559912854,49.61067853170189,65.68483063328424,98.18779814721405,78.61939213269,87.32071351804781,1.0,100.0,42,30,12
BATADAL,1.2,1.5,96.43564356435644,54.17130144605117,69.37321937321937,98.04738129455919,80.46303316744046,88.38912527161497,1.0,100.0,42,30,12
BATADAL,1.2,2.0,95.53903345724906,57.17463848720801,71.53792623521224,97.61134535570729,81.68150915700309,88.93875911752382,1.0,100.0,42,30,12
BATADAL,1.2,2.16,94.73684210526315,58.06451612903226,72.0,96.58867981092034,82.0556958239329,88.73104795417746,2.0,100.0,42,30,12
BATADAL,1.2,2.5,93.72822299651567,59.84427141268076,73.04820095044128,93.04864434708583,82.68233343404316,87.55973630413177,4.0,100.0,42,30,12
BATADAL,1.2,3.0,92.19269102990033,61.73526140155728,73.95069953364424,94.72711459509897,83.44148980452172,88.72687299014999,2.0,100.0,42,30,12
BATADAL,1.2,3.5,90.98101265822784,63.95995550611791,75.1143043762247,90.44805916771871,84.32829448919875,87.28103556210075,3.0,100.0,42,30,12
BATADAL,1.2,4.0,90.0,65.07230255839822,75.53260167850226,92.20726158252683,84.789252857072,88.34281106984231,2.0,100.0,42,30,12
BATADAL,1.2,4.5,89.3455098934551,65.29477196885428,75.44987146529563,91.67207058243906,84.89341952373867,88.15262305091284,2.0,100.0,42,30,12
BATADAL,1.2,5.0,88.35820895522389,65.85094549499443,75.46207775653282,92.4950205573342,85.16993467525383,88.68147180001019,1.0,100.0,42,30,12
BATADAL,1.2,6.0,86.10315186246417,66.85205784204672,75.26612398246712,89.46355260924051,85.6637117315309,87.52240846158665,4.0,100.0,42,30,12
BATADAL,1.2,7.0,83.88888888888889,67.18576195773082,74.61395923409512,89.6027713409669,85.85986974018888,87.69139947160622,2.0,100.0,42,30,12
BATADAL,1.2,8.0,81.6599732262383,67.853170189099,74.1190765492102,87.15758181557133,86.29412298694213,86.72370321180487,3.0,100.0,42,30,12
BATADAL,1.2,9.0,79.04884318766067,68.40934371523916,73.34525939177102,87.65249211321084,86.60662298694216,87.126418999107,3.0,100.0,42,30,12
BATADAL,1.2,10.0,76.53562653562653,69.2992213570634,72.73788674839463,83.67171305265457,87.12745632027548,85.3646250271893,2.0,100.0,42,30,12
BATADAL,1.2,12.0,73.16219369894984,69.74416017797553,71.4123006833713,80.28785523371049,87.33578965360881,83.66365307405616,2.0,100.0,42,30,12
BATADAL,1.2,15.0,69.49339207048459,70.18909899888766,69.83951300498063,78.84362519784813,87.55900393932309,82.9730795130423,2.0,100.0,42,30,12
BATADAL,1.2,20.0,63.12127236580517,70.63403781979977,66.66666666666666,61.86336550567337,87.79709917741833,72.5832844131763,3.0,100.0,42,30,12
BATADAL,1.2,25.0,59.036144578313255,70.85650723025584,64.40849342770476,64.0478734893295,87.91614679646594,74.10757147776913,2.0,100.0,42,30,12
BATADAL,1.39,0.1,98.30028328611898,38.598442714126804,55.43130990415336,98.5671726353575,69.69730257078282,81.65557282720364,0.0,100.0,42,30,12
BATADAL,1.39,0.5,97.40932642487047,41.824249165739715,58.52140077821012,98.30268114132028,71.1721723059109,82.56582281101092,1.0,100.0,42,30,12
BATADAL,1.39,1.0,97.26027397260275,47.38598442714127,63.7247569184742,98.82570820692501,77.35995299027213,86.78517978328753,0.0,100.0,42,30,12
BATADAL,1.39,1.5,96.45833333333333,51.50166852057843,67.15010877447426,98.64154362816856,78.99255506398362,87.73031331274116,0.0,100.0,42,30,12
BATADAL,1.39,2.0,95.48133595284872,54.06006674082313,69.0340909090909,98.20856089159913,80.02704836956357,88.19047198656249,0.0,100.0,42,30,12
BATADAL,1.39,2.16,94.6360153256705,54.94994438264739,69.52850105559465,97.12694228403522,80.40123503649339,87.97618758688883,1.0,100.0,42,30,12
BATADAL,1.39,2.5,93.57798165137615,56.729699666295886,70.6371191135734,93.33989564381798,81.02787264660365,86.74921117849756,3.0,100.0,42,30,12
BATADAL,1.39,3.0,92.13286713286713,58.620689655172406,71.65193745751189,95.26402135390128,81.78702901708219,88.012595942581,1.0,100.0,42,30,12
BATADAL,1.39,3.5,90.92436974789916,60.17797552836485,72.42302543507363,91.44708964993245,82.45954798747351,86.72107953723619,3.0,100.0,42,30,12
BATADAL,1.39,4.0,89.88580750407831,61.29032258064516,72.88359788359789,93.40897000062445,82.9205063553468,87.85279977746481,2.0,100.0,42,30,12
BATADAL,1.39,4.5,89.19354838709678,61.512791991101224,72.81105990783409,92.81612065656776,83.02467302201345,87.64778533437591,2.0,100.0,42,30,12
BATADAL,1.39,5.0,88.15165876777252,62.06896551724138,72.84595300261097,93.70724078523803,83.30118817352859,88.19833658533429,1.0,100.0,42,30,12
BATADAL,1.39,6.0,85.88770864946889,62.95884315906562,72.65725288831835,90.5195583366812,83.73544142028183,86.99543984462433,4.0,100.0,42,30,12
BATADAL,1.39,7.0,83.35766423357664,63.51501668520578,72.09595959595958,90.51425789434083,84.05064704798747,87.16278848375815,2.0,100.0,42,30,12
BATADAL,1.39,8.0,81.10014104372355,63.95995550611791,71.51741293532339,87.93266290329042,84.39290895274938,86.12643073739028,3.0,100.0,42,30,12
BATADAL,1.39,9.0,78.37837837837837,64.51612903225806,70.77486272117144,88.44667337980977,84.70540895274937,86.53562276840461,3.0,100.0,42,30,12
BATADAL,1.39,10.0,75.74193548387098,65.29477196885428,70.13142174432497,84.26223405114384,85.16671847655888,84.7120620009299,2.0,100.0,42,30,12
BATADAL,1.39,12.0,72.42647058823529,65.7397107897664,68.92128279883381,80.70769456440183,85.37505180989224,82.97579074666903,2.0,100.0,42,30,12
BATADAL,1.39,15.0,68.54838709677419,66.18464961067853,67.34578381437466,79.1342373971961,85.59826609560652,82.23942896969382,2.0,100.0,42,30,12
BATADAL,1.39,20.0,62.40913811007269,66.85205784204672,64.55424274973147,61.810102718659124,85.95540895274938,71.91004986885312,3.0,100.0,42,30,12
BATADAL,1.39,25.0,58.164251207729464,66.96329254727475,62.254395036194424,64.10304540600431,86.01493276227318,73.45981084655415,2.0,100.0,42,30,12
BATADAL,1.4,0.1,98.30028328611898,38.598442714126804,55.43130990415336,98.5671726353575,69.69730257078282,81.65557282720364,0.0,100.0,42,30,12
BATADAL,1.4,0.5,97.40932642487047,41.824249165739715,58.52140077821012,98.30268114132028,71.1721723059109,82.56582281101092,1.0,100.0,42,30,12
BATADAL,1.4,1.0,97.26027397260275,47.38598442714127,63.7247569184742,98.82570820692501,77.35995299027213,86.78517978328753,0.0,100.0,42,30,12
BATADAL,1.4,1.5,96.4509394572025,51.39043381535039,67.05370101596516,98.63931620000275,78.9330312544598,87.6927104940144,0.0,100.0,42,30,12
BATADAL,1.4,2.0,95.47244094488188,53.9488320355951,68.9410092395167,98.20557673843551,79.96752456003976,88.15311416292798,0.0,100.0,42,30,12
BATADAL,1.4,2.16,94.6257197696737,54.83870967741935,69.43661971830986,97.12203327350433,80.3417112269696,87.93852933735633,1.0,100.0,42,30,12
BATADAL,1.4,2.5,93.56617647058823,56.61846496106785,70.54747054747055,93.32892489220869,80.96834883707984,86.71035163749859,3.0,100.0,42,30,12
BATADAL,1.4,3.0,92.11908931698774,58.509454949944384,71.56462585034014,95.25597477597843,81.7275052075584,87.97468752766076,1.0,100.0,42,30,12
BATADAL,1.4,3.5,90.9090909090909,60.06674082313682,72.337575351641,91.43297909701613,82.4000241779497,86.68181008572728,3.0,100.0,42,30,12
BATADAL,1.4,4.0,89.86928104575163,61.179087875417125,72.7994705493051,93.397191920737,82.86098254582296,87.81417500771087,2.0,100.0,42,30,12
BATADAL,1.4,4.5,89.17609046849758,61.40155728587319,72.72727272727273,92.80349762723094,82.96514921248964,87.60898108415321,2.0,100.0,42,30,12
BATADAL,1.4,5.0,88.13291139240506,61.957730812013345,72.76290006531679,93.6960593261276,83.24166436400479,88.16001200868119,1.0,100.0,42,30,12
BATADAL,1.4,6.0,85.86626139817629,62.8476084538376,72.57546563904945,90.50300817600471,83.67591761075802,86.95566609398227,4.0,100.0,42,30,12
BATADAL,1.4,7.0,83.33333333333334,63.40378197997776,72.01516108654454,90.49781383544551,83.99112323846364,87.12315132557484,2.0,100.0,42,30,12
BATADAL,1.4,8.0,81.07344632768361,63.84872080088988,71.43746110765402,87.91244025794269,84.33338514322556,86.08572853230501,3.0,100.0,42,30,12
BATADAL,1.4,9.0,78.34912043301759,64.40489432703004,70.6959706959707,88.42754097765688,84.64588514322557,86.49539845434998,3.0,100.0,42,30,12
BATADAL,1.4,10.0,75.71059431524549,65.18353726362626,70.05379557680813,84.2362496158677,85.10719466703509,84.66948247612109,2.0,100.0,42,30,12
BATADAL,1.4,12.0,72.39263803680981,65.62847608453838,68.84480746791132,80.6764806579704,85.31552800036842,82.9311796414662,2.0,100.0,42,30,12
BATADAL,1.4,15.0,68.5121107266436,66.0734149054505,67.27066817667044,79.1013769153485,85.53874228608271,82.1942103450259,2.0,100.0,42,30,12
BATADAL,1.4,20.0,62.37006237006237,66.74082313681868,64.4814615797958,61.75376633995722,85.89588514322557,71.85109300854288,3.0,100.0,42,30,12
BATADAL,1.4,25.0,58.12379110251451,66.85205784204672,62.18313502327988,64.04900915035515,85.95540895274938,73.40262165815801,2.0,100.0,42,30,12
BATADAL,1.6,0.1,98.24561403508771,37.37486095661847,54.14987912973409,98.4847140161375,65.1089520914749,78.39223460401352,0.0,100.0,42,30,12
BATADAL,1.6,0.5,97.31182795698925,40.266963292547274,56.963021243115655,98.17797142831847,66.40525039803154,79.22475576698777,1.0,100.0,42,30,12
BATADAL,1.6,1.0,97.13603818615752,45.272525027808676,61.76024279210925,98.72969286056366,76.22356721292893,86.02902714139485,0.0,100.0,42,30,12
BATADAL,1.6,1.5,96.30434782608695,49.2769744160178,65.19499632082415,98.53225708512642,77.7966454771166,86.94523655650637,0.0,100.0,42,30,12
BATADAL,1.6,2.0,95.31568228105907,52.05784204671857,67.33812949640287,98.06733270086093,78.95018640174418,87.47647392083341,0.0,100.0,42,30,12
BATADAL,1.6,2.16,94.42231075697211,52.72525027808677,67.6659528907923,96.88457629463896,79.20532544962636,87.15746127918939,1.0,100.0,42,30,12
BATADAL,1.6,2.5,93.65384615384616,54.17130144605117,68.63988724453841,93.15912932980625,79.72482020259378,85.920004212503,3.0,100.0,42,30,12
BATADAL,1.6,3.0,92.44935543278085,55.83982202447163,69.62552011095701,94.3954840419296,80.43635752545326,86.85865040503478,2.0,100.0,42,30,12
BATADAL,1.6,3.5,91.10320284697508,56.95216907675194,70.08898015058179,91.4389432393891,80.91841978943043,85.85760032670726,3.0,100.0,42,30,12
BATADAL,1.6,4.0,89.81001727115718,57.8420467185762,70.36535859269283,93.67478453302904,81.33044659241467,87.06724949334173,2.0,100.0,42,30,12
BATADAL,1.6,4.5,89.23076923076924,58.06451612903226,70.35040431266847,93.10484123953741,81.41308337053019,86.86732000704944,2.0,100.0,42,30,12
BATADAL,1.6,5.0,87.97996661101837,58.620689655172406,70.36048064085448,93.94014921212329,81.71340804585485,87.401244407307,1.0,100.0,42,30,12
BATADAL,1.6,6.0,85.62300319488818,59.62180200222469,70.29508196721311,90.55549691117656,82.18565521358074,86.16780373748347,4.0,100.0,42,30,12
BATADAL,1.6,7.0,83.05084745762711,59.95550611790878,69.63824289405684,90.6064923196243,82.40886949929502,86.31347555336325,2.0,100.0,42,30,12
BATADAL,1.6,8.0,80.68350668647845,60.40044493882091,69.08396946564885,87.85263710959774,82.75113140405693,85.22560997317463,3.0,100.0,42,30,12
BATADAL,1.6,9.0,77.87234042553192,61.0678531701891,68.45386533665835,88.28156206094741,83.10162532502959,85.61331371407877,3.0,100.0,42,30,12
BATADAL,1.6,10.0,75.16869095816465,61.957730812013345,67.92682926829269,83.89655590904064,83.62245865836292,83.75928304258198,2.0,100.0,42,30,12
BATADAL,1.6,12.0,71.83098591549296,62.40266963292548,66.78571428571428,80.13593706437959,83.83079199169626,81.9417342747161,2.0,100.0,42,30,12
BATADAL,1.6,15.0,68.07228915662651,62.8476084538376,65.3556969346443,78.02178398969848,84.05400627741054,80.92563991743495,3.0,100.0,42,30,12
BATADAL,1.6,20.0,61.75514626218852,63.40378197997776,62.56860592755215,59.81898903656159,84.35162532502959,69.99802245246403,4.0,100.0,42,30,12
BATADAL,1.6,25.0,57.38693467336683,63.51501668520578,60.295670538542765,55.94291919258635,84.4111491345534,67.28990689434202,3.0,100.0,42,30,12
BATADAL,1.8,0.1,98.4567901234568,35.483870967741936,52.16680294358136,99.34528736760113,64.31867853524388,78.08386613313868,0.0,100.0,42,30,12
BATADAL,1.8,0.5,97.43589743589743,38.04226918798665,54.72,98.27663637985164,65.45793530178028,78.57822132197363,1.0,100.0,42,30,12
BATADAL,1.8,1.0,97.24310776942356,43.159065628476085,59.78428351309707,98.75947987240683,67.39716312056737,80.11847922257843,0.0,100.0,42,30,12
BATADAL,1.8,1.5,96.3718820861678,47.27474972191324,63.43283582089553,98.54333649763191,72.91098813800183,83.81114974763034,0.0,100.0,42,30,12
BATADAL,1.8,2.0,95.2991452991453,49.61067853170189,65.25237746891001,98.00987322483545,73.86672686482714,84.24263142019971,0.0,100.0,42,30,12
BATADAL,1.8,2.16,94.75890985324948,50.27808676307007,65.69767441860465,97.73854874714519,74.12186591270938,84.30753084213273,0.0,100.0,42,30,12
BATADAL,1.8,2.5,94.11764705882352,51.61290322580645,66.66666666666666,94.02320764346568,74.54842168975907,83.16087066078275,2.0,100.0,42,30,12
BATADAL,1.8,3.0,92.60700389105058,52.947719688542826,67.37438075017693,95.29159814247384,75.15703002671088,84.03509702381935,1.0,100.0,42,30,12
BATADAL,1.8,3.5,91.16541353383458,53.9488320355951,67.78476589797344,91.98481826534265,75.60109836971537,82.99209663712031,2.0,100.0,42,30,12
BATADAL,1.8,4.0,89.79963570127505,54.83870967741935,68.0939226519337,94.46429259010827,76.01312517269963,84.24020249993436,1.0,100.0,42,30,12
BATADAL,1.8,4.5,89.1891891891892,55.06117908787542,68.08803301237964,93.88257602179365,76.09576195081516,84.05854818318024,1.0,100.0,42,30,12
BATADAL,1.8,5.0,87.87346221441125,55.61735261401557,68.11989100817438,94.7992646392664,76.39608662613982,84.60852213501914,0.0,100.0,42,30,12
BATADAL,1.8,6.0,85.35353535353535,56.39599555061179,67.91694574681848,91.08312383111944,76.79787234042553,83.33272110444027,3.0,100.0,42,30,12
BATADAL,1.8,7.0,82.68608414239482,56.84093437152391,67.36980883322346,91.14325740358191,77.05908054711246,83.51150999634281,1.0,100.0,42,30,12
BATADAL,1.8,8.0,80.248833592535,57.39710789766407,66.9260700389105,88.14854653199914,77.43933637284701,82.44763838899544,2.0,100.0,42,30,12
BATADAL,1.8,9.0,77.29970326409496,57.95328142380423,66.24284806102987,88.68805475351368,77.75183637284701,82.86065407464281,2.0,100.0,42,30,12
BATADAL,1.8,10.0,74.50704225352112,58.843159065628484,65.75512740832815,84.06410501379847,78.27266970618034,81.0650813685399,1.0,100.0,42,30,12
BATADAL,1.8,12.0,71.3520749665328,59.288097886540605,64.76306196840827,80.82624726899834,78.48100303951368,79.63636237906756,0.0,100.0,42,30,12
BATADAL,1.8,15.0,67.63224181360201,59.733036707452726,63.43768458357945,78.59433403205655,78.70421732522797,78.6492372983202,1.0,100.0,42,30,12
BATADAL,1.8,20.0,61.31221719457014,60.28921023359288,60.79641054402693,58.68352698128005,79.00183637284702,67.34348929206895,3.0,100.0,42,30,12
BATADAL,1.8,25.0,56.79916317991632,60.40044493882091,58.544474393531,54.55857997542037,79.06136018237083,64.56335090977635,2.0,100.0,42,30,12
BATADAL,2.0,0.1,98.40764331210191,34.37152391546162,50.94806265457543,99.33803907394758,63.88326820089737,77.75992851259613,0.0,100.0,42,30,12
BATADAL,2.0,0.5,97.36070381231671,36.92992213570634,53.5483870967742,98.23262200900494,65.00099507888262,78.23410757791595,1.0,100.0,42,30,12
BATADAL,2.0,1.0,97.1576227390181,41.824249165739715,58.47589424572317,98.73575567168525,66.84270516717325,79.71767550422423,0.0,100.0,42,30,12
BATADAL,2.0,1.5,96.26168224299066,45.82869855394883,62.094951017332335,98.51248081888077,72.26453884261636,83.37139283410889,0.0,100.0,42,30,12
BATADAL,2.0,2.0,95.11111111111111,47.60845383759733,63.45441067457376,97.97735415684174,73.03471180541848,83.68705195201282,0.0,100.0,42,30,12
BATADAL,2.0,2.16,94.51754385964912,47.94215795328142,63.61623616236163,97.7343743338737,73.18139547888786,83.69430050655097,0.0,100.0,42,30,12
BATADAL,2.0,2.5,93.82978723404256,49.05450500556173,64.42658875091307,94.18409761873298,73.53196341399227,82.5865045677315,2.0,100.0,42,30,12
BATADAL,2.0,3.0,92.24489795918367,50.27808676307007,65.08279337652988,95.48548206694777,74.08955134278082,83.43771348693643,1.0,100.0,42,30,12
BATADAL,2.0,3.5,90.74803149606299,51.279199110122356,65.52949538024166,92.34376379197332,74.53361968578534,82.48828963383477,2.0,100.0,42,30,12
BATADAL,2.0,4.0,89.31297709923665,52.05784204671857,65.7765284609979,94.68843587022928,74.90993220305529,83.64590287080178,1.0,100.0,42,30,12
BATADAL,2.0,4.5,88.67924528301887,52.28031145717463,65.78026592022394,94.13419016997885,74.9925689811708,83.48016346129818,1.0,100.0,42,30,12
BATADAL,2.0,5.0,87.29281767955801,52.72525027808677,65.74202496532594,94.98790147886601,75.26042612402796,83.98120607212498,0.0,100.0,42,30,12
BATADAL,2.0,6.0,84.65608465608466,53.39265850945495,65.4843110504775,91.44565978155464,75.54316421926605,82.73720753890888,3.0,100.0,42,30,12
BATADAL,2.0,7.0,81.92567567567568,53.9488320355951,65.05700871898054,91.493446490014,75.92342004500058,82.98441504725314,1.0,100.0,42,30,12
BATADAL,2.0,8.0,79.4165316045381,54.50500556173527,64.64379947229551,88.64666968122229,76.30367587073515,82.01336866245616,2.0,100.0,42,30,12
BATADAL,2.0,9.0,76.50695517774344,55.06117908787542,64.03622250970245,89.45019219135683,76.61617587073513,82.53726189810575,2.0,100.0,42,30,12
BATADAL,2.0,10.0,73.64568081991216,55.951056729699665,63.59039190897599,84.79262432159645,77.13700920406848,80.78384790138428,1.0,100.0,42,30,12
BATADAL,2.0,12.0,70.41666666666667,56.39599555061179,62.631253860407654,81.72988472952996,77.34534253740179,79.47718873084327,0.0,100.0,42,30,12
BATADAL,2.0,15.0,66.71018276762402,56.84093437152391,61.38138138138138,75.43846299002351,77.56855682311608,76.48868280993293,1.0,100.0,42,30,12
BATADAL,2.0,20.0,60.421545667447305,57.39710789766407,58.87050770108385,61.53280563304978,77.86617587073515,68.74260075010267,2.0,100.0,42,30,12
BATADAL,2.0,25.0,56.01300108342362,57.50834260289211,56.75082327113062,56.98068564399148,77.92569968025894,65.82727402259961,2.0,100.0,42,30,12
BATADAL,2.5,0.1,98.51851851851852,29.588431590656285,45.50898203592814,99.51246278581878,58.37106491532783,73.58143702172913,0.0,100.0,42,30,12
BATADAL,2.5,0.5,97.2508591065292,31.47942157953281,47.56302521008403,98.1407120841623,59.22004812563324,73.86717864046291,1.0,100.0,42,30,12
BATADAL,2.5,1.0,96.95121951219512,35.37263626251391,51.83374083129584,98.71565349525613,60.75590715009407,75.21791413776467,0.0,100.0,42,30,12
BATADAL,2.5,1.5,96.1218836565097,38.598442714126804,55.07936507936508,98.4621407294038,61.913907584310316,76.0235202921179,0.0,100.0,42,30,12
BATADAL,2.5,2.0,94.51697127937337,40.266963292547274,56.47425897035882,97.62783668196074,62.68636018237081,76.3492423475153,0.0,100.0,42,30,12
BATADAL,2.5,2.16,93.81443298969072,40.48943270300334,56.56565656565656,97.33926060137861,62.78840099869735,76.33629900648174,0.0,100.0,42,30,12
BATADAL,2.5,2.5,92.96482412060301,41.15684093437152,57.05474171164225,92.90762595427118,63.023013460703424,75.10157827975561,2.0,100.0,42,30,12
BATADAL,2.5,3.0,91.14832535885168,42.380422691879865,57.85876993166287,94.52686981633619,63.582881024750314,76.02681915823155,1.0,100.0,42,30,12
BATADAL,2.5,3.5,89.42528735632183,43.270300333704114,58.32083958020989,90.58346066803992,63.994481835287296,75.0021838099387,2.0,100.0,42,30,12
BATADAL,2.5,4.0,87.94642857142857,43.82647385984427,58.500371195248704,93.53779157794368,64.21927920104211,76.15417202577788,1.0,100.0,42,30,12
BATADAL,2.5,4.5,87.00440528634361,43.937708565072306,58.38876570583887,92.7516666096123,64.26392205818496,75.92349172893753,1.0,100.0,42,30,12
BATADAL,2.5,5.0,85.4389721627409,44.38264738598443,58.41874084919473,93.81428195960953,64.53177920104211,76.46546412265575,0.0,100.0,42,30,12
BATADAL,2.5,6.0,82.55578093306288,45.272525027808676,58.47701149425287,89.4409677934915,64.97155883630047,75.26745696355059,3.0,100.0,42,30,12
BATADAL,2.5,7.0,79.49709864603481,45.717463848720804,58.05084745762712,89.49570824972335,65.31382074106237,75.51610916747588,1.0,100.0,42,30,12
BATADAL,2.5,8.0,76.66666666666667,46.0511679644049,57.53995830437803,86.01116279570805,65.59655883630047,74.4294055760824,2.0,100.0,42,30,12
BATADAL,2.5,9.0,73.59154929577466,46.49610678531702,56.987048398091346,87.93185366895398,65.84953502677668,75.30523332182572,1.0,100.0,42,30,12
BATADAL,2.5,10.0,70.48092868988391,47.27474972191324,56.59121171770972,81.39232462903239,66.3108445505862,73.08162466741936,1.0,100.0,42,30,12
BATADAL,2.5,12.0,67.03296703296702,47.4972191323693,55.598958333333336,77.67782330075376,66.4001302648719,71.59759641522714,0.0,100.0,42,30,12
BATADAL,2.5,15.0,63.69047619047619,47.60845383759733,54.487587523870154,70.64971142507164,66.44477312201475,68.4827557036023,1.0,100.0,42,30,12
BATADAL,2.5,20.0,56.76392572944297,47.60845383759733,51.78463399879008,53.984564739080035,66.44477312201475,59.57007187594417,2.0,100.0,42,30,12
BATADAL,2.5,25.0,52.579852579852584,47.60845383759733,49.97081144191477,47.16917049540348,66.44477312201475,55.171834233209715,1.0,100.0,42,30,12
BATADAL,3.0,0.1,98.44357976653697,28.142380422691883,43.77162629757785,99.4752353685476,53.85529743812418,69.8786900487107,0.0,100.0,42,30,12
BATADAL,3.0,0.5,97.11191335740072,29.92213570634038,45.74829931972789,98.01266251786117,54.555471124620055,70.09493859799628,1.0,100.0,42,30,12
BATADAL,3.0,1.0,96.7948717948718,33.59288097886541,49.87613542526837,98.62332211483658,56.23349073672023,71.62660225850675,0.0,100.0,42,30,12
BATADAL,3.0,1.5,95.87020648967551,36.15127919911012,52.50403877221325,98.31687266475012,61.156372123317404,75.40704722822781,0.0,100.0,42,30,12
BATADAL,3.0,2.0,94.11764705882352,37.37486095661847,53.503184713375795,97.39341251927436,61.648212476479955,75.50387879849657,0.0,100.0,42,30,12
BATADAL,3.0,2.16,93.37016574585635,37.59733036707453,53.608247422680414,97.07190835091102,61.75025329280649,75.48335655739974,0.0,100.0,42,30,12
BATADAL,3.0,2.5,92.45283018867924,38.15350389321468,54.01574803149606,92.24499457699036,61.94687183383992,74.11919953220976,2.0,100.0,42,30,12
BATADAL,3.0,3.0,90.93264248704664,39.04338153503893,54.63035019455253,94.44869391801592,62.29017404834274,75.07041053856017,1.0,100.0,42,30,12
BATADAL,3.0,3.5,88.64197530864197,39.93325917686318,55.061349693251536,89.61688558365776,62.7828285569547,73.83742935653777,2.0,100.0,42,30,12
BATADAL,3.0,4.0,87.08133971291866,40.48943270300334,55.277145026575546,92.7902753772178,63.067149732233304,75.09450623607528,1.0,100.0,42,30,12
BATADAL,3.0,4.5,86.11764705882354,40.711902113459395,55.2870090634441,91.96039332532185,63.14978651034882,74.8794078126171,1.0,100.0,42,30,12
BATADAL,3.0,5.0,84.40366972477065,40.934371523915466,55.1310861423221,93.0692544613675,63.3134769865393,75.3604703784963,0.0,100.0,42,30,12
BATADAL,3.0,6.0,81.22270742358079,41.37931034482759,54.826823876197494,88.5374016003372,63.566453177015504,74.00218227842609,3.0,100.0,42,30,12
BATADAL,3.0,7.0,77.96257796257797,41.71301446051168,54.347826086956516,88.56622378251843,63.84919127225359,74.20354116437757,1.0,100.0,42,30,12
BATADAL,3.0,8.0,75.0,42.04671857619577,53.884533143264434,84.87224088020584,64.13192936749168,73.05863384013857,2.0,100.0,42,30,12
BATADAL,3.0,9.0,71.80451127819549,42.49165739710789,53.389238294898675,86.92406567753899,64.38490555796787,73.97575588101839,1.0,100.0,42,30,12
BATADAL,3.0,10.0,68.9165186500888,43.159065628476085,53.077975376196996,77.44381562955937,64.72716746272978,70.51676388779408,0.0,100.0,42,30,12
BATADAL,3.0,12.0,65.59865092748736,43.270300333704114,52.14477211796247,76.12082289045603,64.77181031987264,69.98923065470521,0.0,100.0,42,30,12
BATADAL,3.0,15.0,62.14057507987221,43.270300333704114,51.016393442622956,68.72454282066741,64.77181031987264,66.68965776486718,1.0,100.0,42,30,12
BATADAL,3.0,20.0,55.16265912305516,43.38153503893214,48.567870485678704,51.31970646476094,64.80980424084528,57.281221792287,3.0,100.0,42,30,12
BATADAL,3.0,25.0,51.58311345646438,43.49276974416018,47.193723596861794,50.13639268885285,64.84779816181792,56.55098582849064,3.0,100.0,42,30,12
BATADAL,3.5,0.1,98.33333333333333,26.251390433815352,41.43985952589991,99.42337686025546,52.8195831524099,68.9884290337861,0.0,78.57142857142857,42,30,12
BATADAL,3.5,0.5,96.93486590038314,28.142380422691883,43.62068965517241,97.81227803110076,53.78761398176292,69.40755674109977,1.0,78.57142857142857,42,30,12
BATADAL,3.5,1.0,96.5986394557823,31.590656284760843,47.61106454316849,98.45002108740046,55.29556556665219,70.81633644972204,0.0,78.57142857142857,42,30,12
BATADAL,3.5,1.5,95.65217391304348,34.260289210233594,50.45045045045045,98.10881985380205,56.48997684180055,71.69738807773399,0.0,78.57142857142857,42,30,12
BATADAL,3.5,2.0,94.04761904761905,35.15016685205784,51.174089068825914,97.2164459767265,56.84630554349399,71.74214061885348,0.0,78.57142857142857,42,30,12
BATADAL,3.5,2.16,93.27485380116958,35.483870967741936,51.41015310233682,96.85950883203965,56.948346359820526,71.72571063198866,0.0,78.57142857142857,42,30,12
BATADAL,3.5,2.5,92.09039548022598,36.26251390433816,52.03511572226655,91.35991069245179,57.30200644087422,70.42968760104864,2.0,78.57142857142857,42,30,12
BATADAL,3.5,3.0,90.7103825136612,36.92992213570634,52.490118577075094,93.99567019158911,57.569320813431744,71.40523489562123,1.0,78.57142857142857,42,30,12
BATADAL,3.5,3.5,87.98955613577023,37.4860956618465,52.574102964118566,88.25489643387499,57.921397814444916,69.94084768266539,2.0,78.57142857142857,42,30,12
BATADAL,3.5,4.0,86.29441624365482,37.81979977753059,52.590873936581595,91.88902995580128,58.12308221160804,71.20589884776352,1.0,78.57142857142857,42,30,12
BATADAL,3.5,4.5,85.25,37.93103448275862,52.501924557351806,90.98642392482435,58.1677250687509,70.96649107730785,1.0,78.57142857142857,42,30,12
BATADAL,3.5,5.0,83.45498783454988,38.15350389321468,52.36641221374045,92.13286478543469,58.33141554494138,71.43543184262482,0.0,78.57142857142857,42,30,12
BATADAL,3.5,6.0,80.13856812933025,38.598442714126804,52.1021021021021,87.27160817025191,58.58439173541756,70.10687367996537,3.0,78.57142857142857,42,30,12
BATADAL,3.5,7.0,76.75438596491229,38.9321468298109,51.66051660516605,84.49436252660016,58.867129830655664,69.39019016929362,1.0,78.57142857142857,42,30,12
BATADAL,3.5,8.0,73.69519832985387,39.265850945494996,51.23367198838898,80.66998068023052,59.14986792589376,68.25381017629043,2.0,78.57142857142857,42,30,12
BATADAL,3.5,9.0,70.35573122529645,39.59955506117909,50.6761565836299,82.75475270041932,59.28379649732234,69.0800623631813,1.0,78.57142857142857,42,30,12
BATADAL,3.5,10.0,68.76190476190476,40.155728587319246,50.70224719101124,81.77419156498533,59.50701078303663,68.88584777534369,1.0,78.57142857142857,42,30,12
BATADAL,3.5,12.0,65.28028933092224,40.155728587319246,49.72451790633609,80.25250613573284,59.50701078303663,68.34005802639426,1.0,78.57142857142857,42,30,12
BATADAL,3.5,15.0,61.60409556313993,40.155728587319246,48.619528619528616,64.57551924466203,59.50701078303663,61.93774609777052,2.0,78.57142857142857,42,30,12
BATADAL,3.5,20.0,55.4364471669219,40.266963292547274,46.649484536082475,48.776706373307746,59.545004704009266,53.62561542942398,2.0,78.57142857142857,42,30,12
BATADAL,3.5,25.0,51.70940170940172,40.3781979977753,45.34665833853842,47.59111647176558,59.58299862498191,52.91616216730709,2.0,78.57142857142857,42,30,12
BATADAL,4.0,0.1,98.23788546255507,24.805339265850947,39.60923623445826,99.37614936199492,51.96085721522652,68.24067720624328,0.0,71.42857142857143,42,30,12
BATADAL,4.0,0.5,96.73469387755102,26.362625139043384,41.43356643356643,97.60132163007049,52.7503166160081,68.4861259669226,1.0,71.42857142857143,42,30,12
BATADAL,4.0,1.0,96.30996309963099,29.03225806451613,44.61538461538462,98.21656024735526,53.82540888695904,69.54062151239823,0.0,71.42857142857143,42,30,12
BATADAL,4.0,1.5,95.22184300341297,31.03448275862069,46.81208053691275,97.77338396296904,54.808320668693014,70.24164520958767,0.0,71.42857142857143,42,30,12
BATADAL,4.0,2.0,93.4640522875817,31.81312569521691,47.46887966804979,96.90157224214433,55.22444456506007,70.3539817431154,0.0,71.42857142857143,42,30,12
BATADAL,4.0,2.16,92.60450160771704,32.03559510567297,47.603305785123965,96.48190956283591,55.326485381386604,70.32555690952132,0.0,71.42857142857143,42,30,12
BATADAL,4.0,2.5,91.30434782608695,32.70300333704116,48.157248157248155,90.56731096641404,55.642151541467655,68.93343228349231,2.0,71.42857142857143,42,30,12
BATADAL,4.0,3.0,89.82035928143712,33.37041156840934,48.661800486618006,93.45495960587228,55.902816977854975,69.95813170251911,1.0,71.42857142857143,42,30,12
BATADAL,4.0,3.5,87.17948717948718,34.03781979977753,48.96,87.5234991979824,56.292887899840785,68.5172340701695,2.0,71.42857142857143,42,30,12
BATADAL,4.0,4.0,85.59556786703601,34.37152391546162,49.047619047619044,91.60724337177868,56.494572297003906,69.88856970086495,1.0,71.42857142857143,42,30,12
BATADAL,4.0,4.5,84.46866485013625,34.48275862068966,48.973143759873615,90.6405085682897,56.53921515414676,69.6392558160861,1.0,71.42857142857143,42,30,12
BATADAL,4.0,5.0,82.75862068965517,34.705228031145715,48.90282131661442,92.05082626518657,56.70290563033724,70.17705368999223,0.0,71.42857142857143,42,30,12
BATADAL,4.0,6.0,79.39698492462311,35.15016685205784,48.727833461835004,81.85112802667498,56.955881820813424,67.17100497892359,3.0,71.42857142857143,42,30,12
BATADAL,4.0,7.0,75.95238095238095,35.483870967741936,48.369977255496586,81.98407588552843,57.238619916051526,67.4122179830285,1.0,71.42857142857143,42,30,12
BATADAL,4.0,8.0,72.78911564625851,35.706340378198,47.91044776119403,78.10184313796539,57.40231039224201,66.17105269783863,2.0,71.42857142857143,42,30,12
BATADAL,4.0,9.0,69.82758620689656,36.04004449388209,47.54218635363169,81.67329348288402,57.536238963670584,67.51224644167702,0.0,71.42857142857143,42,30,12
BATADAL,4.0,10.0,68.125,36.373748609566185,47.42567077592458,80.64350056960092,57.67016753509914,67.24894585176158,0.0,71.42857142857143,42,30,12
BATADAL,4.0,12.0,64.62450592885376,36.373748609566185,46.54804270462633,79.22179754699918,57.67016753509914,66.74948868221942,0.0,71.42857142857143,42,30,12
BATADAL,4.0,15.0,61.12149532710281,36.373748609566185,45.60669456066946,68.72959297760742,57.67016753509914,62.71605461213419,1.0,71.42857142857143,42,30,12
BATADAL,4.0,20.0,55.51782682512734,36.373748609566185,43.95161290322581,58.409039945357954,57.67016753509914,58.03725218885906,1.0,71.42857142857143,42,30,12
BATADAL,4.0,25.0,51.90476190476191,36.373748609566185,42.77305428384565,57.80479752185048,57.67016753509914,57.737404047250216,1.0,71.42857142857143,42,30,12
BATADAL,4.5,0.1,98.08612440191388,22.803114571746384,37.00361010830325,99.27510657367296,50.51590316977854,66.9595816121982,0.0,71.42857142857143,42,30,12
BATADAL,4.5,0.5,96.47577092511013,24.360400444938822,38.898756660746,97.42457092107493,51.30536257056014,67.21448489947885,1.0,71.42857142857143,42,30,12
BATADAL,4.5,1.0,96.03174603174604,26.918798665183534,42.050390964378806,98.0624036166006,52.33581198436822,68.24782458895847,0.0,71.42857142857143,42,30,12
BATADAL,4.5,1.5,94.85294117647058,28.698553948832036,44.064901793339025,97.5582780959935,53.333876103632946,68.9652970289209,0.0,71.42857142857143,42,30,12
BATADAL,4.5,2.0,92.98245614035088,29.477196885428253,44.763513513513516,96.59967306408963,53.74335106382979,69.06326611758567,0.0,71.42857142857143,42,30,12
BATADAL,4.5,2.16,92.06896551724138,29.699666295884313,44.91169049621531,96.13168980247526,53.84539188015632,69.02719337437748,0.0,71.42857142857143,42,30,12
BATADAL,4.5,2.5,90.63545150501672,30.14460511679644,45.24207011686144,89.61625352091882,54.08507019829207,67.45799185618593,2.0,71.42857142857143,42,30,12
BATADAL,4.5,3.0,88.96103896103897,30.478309232480534,45.401822700911346,89.82394616144607,54.23175387176148,67.63092524481807,1.0,71.42857142857143,42,30,12
BATADAL,4.5,3.5,85.98130841121495,30.700778642936594,45.24590163934426,86.87611094954725,54.46984910985672,66.95810269616791,2.0,71.42857142857143,42,30,12
BATADAL,4.5,4.0,84.24242424242424,30.923248053392662,45.240032546786004,87.36661212840114,54.633539586047185,67.22735440190621,1.0,71.42857142857143,42,30,12
BATADAL,4.5,4.5,83.03571428571429,31.03448275862069,45.18218623481781,82.51868227311638,54.678182443190046,65.77368329270315,1.0,71.42857142857143,42,30,12
BATADAL,4.5,5.0,81.21387283236994,31.25695216907675,45.140562248995984,83.58859771901311,54.84187291938052,66.2304365863208,0.0,71.42857142857143,42,30,12
BATADAL,4.5,6.0,77.9291553133515,31.81312569521691,45.18167456556082,73.5797163616634,55.13284303082935,63.034391850608195,3.0,71.42857142857143,42,30,12
BATADAL,4.5,7.0,74.55012853470437,32.25806451612903,45.03105590062112,74.05424221707665,55.45357504704009,63.418140542998245,1.0,71.42857142857143,42,30,12
BATADAL,4.5,8.0,71.67070217917676,32.92547274749722,45.1219512195122,70.25542793453026,55.68818750904617,62.129349400790886,2.0,71.42857142857143,42,30,12
BATADAL,4.5,9.0,68.50574712643677,33.14794215795328,44.677661169415295,76.39159129451116,55.764175350991465,64.46807733657624,0.0,71.42857142857143,42,30,12
BATADAL,4.5,10.0,66.51785714285714,33.14794215795328,44.24647364513734,75.5826354757587,55.764175350991465,64.17823640529363,0.0,71.42857142857143,42,30,12
BATADAL,4.5,12.0,62.869198312236286,33.14794215795328,43.40859431900947,65.35421511415717,55.764175350991465,60.17953008714968,0.0,71.42857142857143,42,30,12
BATADAL,4.5,15.0,59.36254980079681,33.14794215795328,42.54104211277659,63.17642903317876,55.764175350991465,59.239340255522045,1.0,71.42857142857143,42,30,12
BATADAL,4.5,20.0,53.8878842676311,33.14794215795328,41.04683195592286,52.46595027886068,55.764175350991465,54.06480745135182,1.0,71.42857142857143,42,30,12
BATADAL,4.5,25.0,50.33783783783784,33.14794215795328,39.97317236753856,51.9835207659999,55.764175350991465,53.80752019439221,1.0,71.42857142857143,42,30,12
BATADAL,5.0,0.1,97.95918367346938,21.357063403781982,35.06849315068493,99.1474750239384,42.26007743522941,59.2610493449986,0.0,71.42857142857143,42,30,12
BATADAL,5.0,0.5,96.2085308056872,22.58064516129032,36.57657657657658,97.0700392801759,46.69220400926328,63.054303738596786,1.0,71.42857142857143,42,30,12
BATADAL,5.0,1.0,95.6896551724138,24.694104560622915,39.257294429708224,97.7601018984945,51.43303119119989,67.40388469725711,0.0,71.42857142857143,42,30,12
BATADAL,5.0,1.5,94.39999999999999,26.251390433815352,41.079199303742385,96.99797008371569,52.35510746851932,68.00447946825936,0.0,71.42857142857143,42,30,12
BATADAL,5.0,2.0,92.33716475095785,26.807563959955505,41.55172413793103,93.86503936713106,52.688594586770876,67.49224664932824,0.0,71.42857142857143,42,30,12
BATADAL,5.0,2.16,91.35338345864662,27.030033370411566,41.71673819742489,93.25847839786213,52.79063540309741,67.41806510457347,0.0,71.42857142857143,42,30,12
BATADAL,5.0,2.5,89.74358974358975,27.252502780867633,41.80887372013652,88.627968580331,52.954325879287886,66.29691019113562,2.0,71.42857142857143,42,30,12
BATADAL,5.0,3.0,87.98586572438163,27.697441601779754,42.13197969543147,88.80562940712203,53.139003473729915,66.49131501171989,1.0,71.42857142857143,42,30,12
BATADAL,5.0,3.5,84.7972972972973,27.919911012235815,42.00836820083682,85.52032531220193,53.377098711825155,65.72946731203825,2.0,71.42857142857143,42,30,12
BATADAL,5.0,4.0,83.06188925081433,28.364849833147943,42.28855721393035,86.10885419828116,53.616777029960915,66.08492937581329,1.0,71.42857142857143,42,30,12
BATADAL,5.0,4.5,82.16560509554141,28.698553948832036,42.53915910964551,85.36248264777,53.73740772904906,65.9548835355738,1.0,71.42857142857143,42,30,12
BATADAL,5.0,5.0,80.55555555555556,29.03225806451613,42.68192968111202,86.83147654096224,53.93909212621219,66.54247485028654,0.0,71.42857142857143,42,30,12
BATADAL,5.0,6.0,77.23342939481267,29.810901001112345,43.01765650080257,76.57471780020401,54.30605007960631,63.54593615325336,3.0,71.42857142857143,42,30,12
BATADAL,5.0,7.0,73.71273712737127,30.255839822024473,42.90220820189275,76.97008572036724,54.46467469966711,63.79059340113945,1.0,71.42857142857143,42,30,12
BATADAL,5.0,8.0,70.66326530612244,30.81201334816463,42.91247095274981,72.69197164756247,54.65464430453032,62.39590780625276,2.0,71.42857142857143,42,30,12
BATADAL,5.0,9.0,67.3913043478261,31.03448275862069,42.4980959634425,75.54274219286079,54.730632146475614,63.47424491399056,0.0,71.42857142857143,42,30,12
BATADAL,5.0,10.0,65.33957845433255,31.03448275862069,42.081447963800905,74.51681861618637,54.730632146475614,63.10921514262204,0.0,71.42857142857143,42,30,12
BATADAL,5.0,12.0,61.58940397350994,31.03448275862069,41.27218934911242,64.02340928199744,54.730632146475614,59.013430111964304,0.0,71.42857142857143,42,30,12
BATADAL,5.0,15.0,58.490566037735846,31.03448275862069,40.55232558139535,61.97048064195214,54.730632146475614,58.12598524409778,1.0,71.42857142857143,42,30,12
BATADAL,5.0,20.0,53.550863723608444,31.03448275862069,39.29577464788732,52.76091696062542,54.730632146475614,53.727727656163715,0.0,71.42857142857143,42,30,12
BATADAL,5.0,25.0,50.08976660682226,31.03448275862069,38.324175824175825,51.01268494291224,54.730632146475614,52.80629681882334,1.0,71.42857142857143,42,30,12
